ad,domain,email,telefon,sehir,kaynak
2H Gümrük ve Lojistik Hizmetleri Tic. Ltd. Şti.,2hgumrukleme.com.tr,,0216 305 23 25,İSTANBUL,UTIKAD
3 E Nakliye ve Lojistik A.Ş.,3edisticaret.com,defaultpk@3enakliyevelojistikas.com.tr,0216 464 79 12 -13,İSTANBUL,UTIKAD
3K Lojistik Hizmetleri Tic. Ltd. Şti.,3klogistics.com,info@3klogistics.com,0212 212 00 29,İSTANBUL,UTIKAD
9 Ekim Gümrük Müşavirliği Lojistik Dan.Yayıncılık Turizm ve Dış Ticaret Ltd. Şti.,9ekim.com,9ekim@9ekim.com,0212 444 12 37,İSTANBUL,UTIKAD
A. Hartrodt Turkey Lojistik Ltd. Şti.,hartrodt.com,info.ist@hartrodt.com,0216 546 04 44,İSTANBUL,UTIKAD
A. Rıza Kınay Vapur Acenteliği ve Tic. A.Ş.,kinay.com,ktl.muhasebe@kinay.com,0212 355 06 00,İSTANBUL,UTIKAD
AB Gümrük Müşavirliği ve Danışmanlık A.Ş.,abgumruk.com.tr,ozcancakar@abgumruk.com.tr  info@abgumruk.com.tr,0216 6803690,İSTANBUL,UTIKAD
Access World Turkey Lojistik Depolama A.Ş.,accessworld.com,employess_TR@accessworld.com,0216 693 13 80,İSTANBUL,UTIKAD
ACTO Ulus. Taş. Gıda San. ve Dış Tic. Ltd. Şti.,actogroup.com,info@actogroup.com,0212 853 00 45,İSTANBUL,UTIKAD
Ada Global Lojistik Sanayi ve Ticaret Ltd. Şti.,adagloballogistics.com.tr,umut.ozcimen@adagloballogistics.com.tr,0232 700 22 37,İZMİR,UTIKAD
Afro Türk Logistics Nak. Tur ve Dış Tic. Ltd. Şti.,afroturklogistics.com,info@afroturklogistics.com,0212 243 79 70,İSTANBUL,UTIKAD
Agemar Global Loj. Deniz. Turz. Paz. ve Tic. A.Ş.,agl-agemar.com,info@agl-agemar.com,0212 347 70 71,İSTANBUL,UTIKAD
Agi Lojistik A.Ş.,agi-logistics.com,hakand@agi-logistics.com,,İSTANBUL,UTIKAD
Agila Lojistik A.Ş.,agilalogistics.com,operation@agilalogistics.com,0216 766 42 14,İSTANBUL,UTIKAD
AIT Worldwide Logistics Transport Ltd. Şti.,aitworldwide.com,turkey@aitworldwide.com,0212 812 99 00,İSTANBUL,UTIKAD
Airon Taşımacılık ve Lojistik A.Ş.,airon.com.tr,info@basaklog.com,0216 365 07 70,İSTANBUL,UTIKAD
Akca Lojistik Hizmetleri ve Ticaret A.Ş.,akcalojistik.com,info@akcalojistik.com,0216 312 22 33,İSTANBUL,UTIKAD
Akça Nak. İnş. Tekstil Petrol Paz. Gıda San. ve Ltd. Şti.,akcanakliyat.com,akca@akcanakliyat.com,0324 237 24 42,MARDİN,UTIKAD
Akdoğu Nakliyat İnşaat San. ve Tic. Ltd. Şti.,akdogulojistik.com,info@akdogulojistik.com,0324  238 00 20,MERSİN,UTIKAD
Aker Lojistik Ulus. Nak. San. Dış Tic. Ltd. Şti.,akergumruk.com,muhasebe@akergumruk.com,0212 325 01 01,İSTANBUL,UTIKAD
Akıner Gümrük Müşavirliği ve Lojistik A.Ş.,akıner.com.tr,info@akiner.com.tr,0216 266 0 177,İSTANBUL,UTIKAD
Aktifsped Ulus. Nakliyat ve Tic. Ltd. Şti.,aktifsped.com.tr,info@aktifsped.com,0262 724 95 80,KOCAELİ,UTIKAD
Akyapı Lojistik Ltd. Şti.,akyapilojistik.com,info@akyapilojistik.com,0352 311 35 35,KAYSERİ,UTIKAD
Albatrans Lojistik A.Ş.,albatrans.com.tr,info@albatrans.com.tr,0212 465 55 99,İSTANBUL,UTIKAD
Alden Global Loj. Hiz. İç ve Dış Tic. Ltd. Şti.,aldenlojistik.com,aldenlojistikmerkez@aldenlojistik.com,0312 285 06 20,ANKARA,UTIKAD
Alfa Kara Hava ve Deniz Taşımacılığı A.Ş.,alfafreight.com,info@alfafreight.com,0216 372 42 42,İSTANBUL,UTIKAD
AlfaLog Uluslararası Taş. Ltd. Şti.,alfalogs.com,info@alfalogs.com,0549 685 75 01,İSTANBUL,UTIKAD
Alışan Lojistik A.Ş.,alisangroup.com,info@alisangroup.com,0216 469 15 15,İSTANBUL,UTIKAD
Almanara Dış Tic. Ltd. Şti.,almanaraa.com,manhal@almanaraa.com,0212 234 79 79,İSTANBUL,UTIKAD
Almark Group Lojistik A.Ş.,almark.com.tr,info@almark.com.tr,0850 888 97 99,İSTANBUL,UTIKAD
Alpagu Lojistik ve Dış Ticaret Ltd. Şti.,alpagulogistic.com,info@alpagulogistic.com,0232 608 64 66,İZMİR,UTIKAD
ALS Ulus. Nakliyat San. ve Dış Tic. Ltd. Şti.,alslogistic.net,air@alsnakliyat.com.tr,0212 465 20 61,İSTANBUL,UTIKAD
Altun Lojistik A.Ş.,altunlojistik.com.tr,altun@altunlojistik.com.tr,0216 340 68 00,İSTANBUL,UTIKAD
Alyans Gemi Kiralama ve Denizcilik A.Ş.,alyans.com,operation@alyans.com,0212 259 00 77,İSTANBUL,UTIKAD
Anatolia Express Lojistik Hiz. Tic. Ltd. Şti.,anatolialogistics.com,info@anatoliaexpress.com - mehmetunlu@anatoliaexpress.com,0530 237 8824 - 0539 599 65 00,HATAY,UTIKAD
Anchor Gemi Acenteliği Sanayi Tic. Ltd. Şti.,agencyanchor.com,,,HATAY,UTIKAD
Ande Lojistik Hizmetleri İç ve Dış Tic. Ltd. Şti.,andelog.com,fatih.aksayli@andelog.com,0216 510 11 64,İSTANBUL,UTIKAD
Ankor Uluslararası Taşımacılık Konteyner Hizmetleri ve Dış Tic. Ltd. Şti.,anchorlogistics.com.tr,reyhan@anchorlogistics.com.tr,0216 550 16 80,İSTANBUL,UTIKAD
Ans Kargo Lojistik Taş. ve Tic. Ltd. Şti.,anscargo.com,info@anscargo.com,0232 464 43 42,İZMİR,UTIKAD
Ant Lojistik Ltd. Şti.,antlojistik.com.tr,ceren.eker@antlojistik.com.tr - can.eker@antlojistik.com.tr,0216 580 93 03,İSTANBUL,UTIKAD
APC Uluslararası Taş. ve Loj. Ltd. Şti.,apcfreight.com,info@apcfreight.com,0212 909 40 48,İSTANBUL,UTIKAD
Apron Global Lojistik Dış Tic. Ltd. Şti.,apronglobal.com.tr,muhasebe@apronglobal.com.tr,0216 688 10 11,İSTANBUL,UTIKAD
Aramex Internatıonal Hava Kargo ve Kurye A.Ş.,aramex.com,tolgahan.bulut@aramex.com,0212 999 12 22,İSTANBUL,UTIKAD
Arclog Uluslararası Nakliyat Gümrükleme Depolama Dış Ticaret ve Loj. Hiz. Ltd. Şti.,arclog.com.tr,info@arclog.com.tr,0224 242 66 00,BURSA,UTIKAD
Ard Arda Loj. Teks. Kuy. Turz. Hayvancılık Sanayi Ve Ticaret Ltd. Şti.,ardalojistik.com,ardpk@edmbilisim.com,0216 365 08 10,İSTANBUL,UTIKAD
Arda Lashing Uluslararası Gözetim Liman Hizmetleri Gemi Acentalığı Ticaret Ltd. Şti.,ardalashing.com,info@ardalashing.com,0224 519 03 49,BURSA,UTIKAD
Aren Gümrük Müş. Loj. San. ve Tic. Ltd. Şti.,arengumrukleme.com.tr,info@arengumrukleme.com.tr,0324 239 35 32,MERSİN,UTIKAD
Ares Uluslararası Nakliyat ve Dış Tic. Ltd. Şti.,areslogistics.com.tr,ares@areslogistics.com.tr,0212 444 10 96,İSTANBUL,UTIKAD
Arkas Demiryolu Taşımacılık A.Ş.,arkasrail.com.tr,info@arkasrail.com.tr,0216 560 00 60,İZMİR,UTIKAD
Arkas Denizcilik ve Nakliyat A.Ş.,arkasdenizcilik.com.tr,arkasist@arkas.com.tr,0212 318 00 00,İSTANBUL,UTIKAD
Arkas Lojistik A.Ş.,arkaslojistik.com.tr,arkaslojistik@arkaslojistik.com.tr,0212 560 00 60,İSTANBUL,UTIKAD
Armada Denizcilik Lojistik Hiz. ve Tic. Ltd. Şti.,armadalogistics.com,cihanozkal@armadalogistics.com,0216 326 90 60,İSTANBUL,UTIKAD
Armony Global Lojistik İş Birliği Hizmetleri ve Dış Ticaret Ltd. Şti.,armony-global.com,emir.bozlu@armony-global.com,0324 337 18 65,MERSİN,UTIKAD
Artlog Lojistik ve Dış Ticaret A.Ş.,artlog.com.tr,ilker.sokmen@artlog.com.tr,0216 384 10 65,İSTANBUL,UTIKAD
Arvato Lojistik A.Ş.,arvato.com,,0216 665 65 58,İSTANBUL,UTIKAD
ASAV Lojistik Hizmetleri A.Ş.,asavtrans.com,info@asavtrans.com,0212 652 52 81,İSTANBUL,UTIKAD
Ase Asya Afrika Hızlı Lojistik Sistemleri A.Ş.,ase.com.tr,info@ase.com.tr,444 00 26,İSTANBUL,UTIKAD
Asel Trans Dış Ticaret Eğitim Sistemleri İmalat ve Danışmanlık Ltd. Şti.,aseltrans.com.tr,info@aseltrans.com.tr,0324 237 11 03,MERSİN,UTIKAD
Asiapac Turkey Taşımacılık A.Ş.,allcargoturkey.com,borakiztan@allcargoturkey.com,0216 360 77 88,İSTANBUL,UTIKAD
Asil Lojistik Ve Ulaştırma Hizmetleri Ltd. Şti.,asiltrans.eu,armagan@asiltrans.eu,0850 441 27 45,İSTANBUL,UTIKAD
Assan Lojistik A.Ş.,assanlojistik.com.tr,info@assanlojistik.com.tr,0216 581 18 00,İSTANBUL,UTIKAD
Asset Lojistik A.Ş.,assetgrup.com.tr,info@assetgrup.com.tr,0212 639 49 49,İSTANBUL,UTIKAD
Ast Uluslararası Taşımacılık ve Dış Tic. Ltd. Şti.,astturkey.com,info@astturkey.com,0216 343 58 00,İSTANBUL,UTIKAD
Ata Freight Line Ltd. Şti.,atafreight.com,info@atafreight.com,0212 283 47 00,İSTANBUL,UTIKAD
Atako Taşımacılık Denizcilik A.Ş.,atako.com.tr,mersin@atako.com.tr,0324 238 68 38,MERSİN,UTIKAD
Atat Taşımacılık Çözümleri A.Ş.,atattransport.com,info@atattransport.com,0212 987 33 00,İSTANBUL,UTIKAD
Atatrans Lojistik Dış Ticaret San. Ltd. Şti.,atatranslogistics.com,info@atatranslogistics.com,0362 503 55 51,SAMSUN,UTIKAD
ATC Grup Ulus. Nak. ve Tic. Ltd. Şti.,atcgrup.com.tr,info@atcgrup.com.tr,0212 655 80 94,İSTANBUL,UTIKAD
ATF Forvarderlik Ltd. Şti.,atfturkey.com.tr,info@atfturkey.com.tr,0324 237 29 02,MERSİN,UTIKAD
Atılım Ulus. Nak. ve Dış Tic. Ltd. Şti.,atilimcargo.com,a.akharman@atilimcargo.com,0212 451 44 50,İSTANBUL,UTIKAD
Atlantic Speditions Uluslararası Taş. A.Ş.,atlanticforwarding.com,info@ist.atlanticforwarding.com,0216 468 88 88,İSTANBUL,UTIKAD
Atlastrans Ulus. Nak. ve Dış Tic. Ltd. Şti.,atlastrans.com.tr,info@atlastrans.com.tr,0212 558 51 15,İSTANBUL,UTIKAD
Atom Ulus. Nak. ve Loj. Hizm. Tic. A.Ş.,atomlojistik.com,info@atomlojistik.com,0232 465 28 88,İZMİR,UTIKAD
Atos Denizcilik Taşımacılık Tic. A.Ş.,atos.com.tr,info@atos.com.tr,0232 402 07 07,İZMİR,UTIKAD
Aurotrans Lojistik Hizmetleri Ltd. Şti.,auro-trans.com,hakan.sen@auro-trans.com,0212 809 49 80,İSTANBUL,UTIKAD
Avant Group Nakliyat San. ve Tic. Ltd. Şti.,avantgroup.com.tr,md@avantgroup.com.tr,0545 574 16 50,İSTANBUL,UTIKAD
Aygen Global Lojistik ve Gümrük Müş. Ltd. Şti.,aygen.com.tr,aygen@aygen.com.tr,0216 517 65 74 / 0216 517 65 75,İSTANBUL,UTIKAD
Aytaş Global Loj. ve İnş. San. ve Tic. Ltd. Şti.,aytaslojistik.com,info@aytaslojistik.com,0212 876 53 92,İSTANBUL,UTIKAD
B4F Lojistik İhracat İthalat ve Ticaret Ltd. Şti.,b4flogistics.com,info@b4flogistics.com,0212 243 42 44,İSTANBUL,UTIKAD
Balkan Kara Taş. Kuyumculuk Tic. Ltd. Şti.,rumeligumruk.com,ferdi@rumeligumruk.com,0216 449 48 50,İSTANBUL,UTIKAD
Barlas Antrepoculuk ve Lojistik Hizmetleri Sanayi Ticaret Ltd. Şti.,barlasantrepo.com,,0216 706 27 57,İSTANBUL,UTIKAD
Barlog Denizcilik Lojistik ve Ticaret Ltd. Şti.,barlog.com.tr,sales@barlog.com.tr,0535 966 60 50,İSTANBUL,UTIKAD
Bars Lojistik Ulus. Taş. ve Tic. Ltd. Şti.,barslojistik.com,info@barslojistik.com,0312 212 00 12,ANKARA,UTIKAD
Barsan Global Lojistik A.Ş.,barsan.com,info@barsan.com,0212 222 70 00,İSTANBUL,UTIKAD
Batco Global Lojistik A.Ş.,batco.com.tr,info@batco.com.tr,0212 603 15 15,İSTANBUL,UTIKAD
Batı Nakliyat ve Tic. A.Ş.,batigroup.com.tr,bod@batigroup.com.tr,0212 293 24 00,İSTANBUL,UTIKAD
Battal Taşımacılık ve Lojistik A.Ş.,battal.com.tr,,0212 277 09 79,İSTANBUL,UTIKAD
Batu International Lojistik İç ve Dış Tic. A.Ş.,batulogistics.com,info@batulogistics.com,444 22 88,İSTANBUL,UTIKAD
Bayem Lojistik Sanayi ve Ticaret Ltd. Şti.,bayemlojistik.com.tr,info@bayemlojistik.com.tr,0850 252 67 33,MERSİN,UTIKAD
Baytur Global Lojistik A.Ş.,bayturtransport.com.tr,olgun@bayturtransport.com,0216 573 41 11,İSTANBUL,UTIKAD
BBL Transport A.Ş.,groupe-bbl.com,info@bbl-transport.com,0212 216 10 16,İSTANBUL,UTIKAD
Bergen International Movers Lojistik A.Ş.,bergen.com.tr,info@bergen.com.tr,0212 275 15 31,İSTANBUL,UTIKAD
Bertan Lojistik San. ve Dış Tic. Ltd. Şti.,bertanlogistics.com,management@bertanlogistics.com,0212 570 04 82,İSTANBUL,UTIKAD
Bertschi Lojistik Hizmetleri Tic. Ltd. Şti.,bertschi.com,info@bertschi.com,0216 493 10 91,İSTANBUL,UTIKAD
Bes Gemi Acenteliği Lojistik A.Ş.,besshipping.com,info@besshipping.com,,İSTANBUL,UTIKAD
Bilkay Global Lojistik A.Ş.,bilkaylojistik.com,udonmez@bil-kay.com,0850 259 76 76,İSTANBUL,UTIKAD
BL Global Lojistik Hizmetleri Tic. Ltd. Şti.,bllojistik.com,info@bllojistik.com,0216 519 00 99,İSTANBUL,UTIKAD
BLG Uluslararası Taşımacılık Ltd. Şti.,blg-logistics.com,,0532 574 54 04,İSTANBUL,UTIKAD
Blue Partners Lojistik ve Tic. A.Ş.,bluepartners.com.tr,info@bluepartners.com.tr,0212 212 80 70,İSTANBUL,UTIKAD
Bomer Lojistik İç ve Dış Tic. Ltd. Şti.,bomerlojistik.com,info@bomerlojistik.com,0324 502 48 27,MERSİN,UTIKAD
Bowline Lojistik Sanayi ve Ticaret Ltd. Şti.,bwlturkey.com,muhasebe@ bwlturkey.com,0324 504 15 10,MERSİN,UTIKAD
Boykan Global Lojistik ve Depolama Hizmetleri Sanayi ve Dış Ticaret Ltd. Şti.,boykan.com.tr,boykan@boykan.com.tr,0216 402 23 00,İSTANBUL,UTIKAD
Brave Lojistik İç ve Dış Ticaret Ltd. Şti.,brave-logistics.com,,0538 376 62 66,MERSİN,UTIKAD
Brink's Güvenlik Hizmetleri A.Ş.,brinks.com.tr,hasan.okten@brinksglobal.com,0212 250 67 00,İSTANBUL,UTIKAD
Broekman Lojistik ve Taşımacılık A.Ş.,broekmanlogistics.com,info.tr@broakmanlogistics.com,0532 764 3993,İSTANBUL,UTIKAD
BSCL Gemi Acenteliği A.Ş.,bscl.com.tr,agency@bscl.com.tr,0212 741 54 60,İSTANBUL,UTIKAD
Bullcon Uluslararası Taş. Tic. Ltd. Şti.,bullconlog.com,info@bullconlog.com,0342 231 28 55,GAZİANTEP,UTIKAD
Bulung Lojistik A.Ş.,bulung.com.tr,ist.office@bulung.com,0216 572 83 15,İSTANBUL,UTIKAD
Buzmavi Deniz ve Hava Taşımacılık Ltd. Şti.,buzmavi.com,info@buzmavi.com,0216-658 74 66,İSTANBUL,UTIKAD
C. Steinweg Levant Loj. Hiz. San. ve Tic. A.Ş.,steinweglevant.com,istanbul@tr.steinweg.com,0212 275 49 00,İSTANBUL,UTIKAD
Capella Depolama Lojistik Dış Tic. A.Ş.,capellatransport.com,info@capellatransport.com,0212 809 46 66,İSTANBUL,UTIKAD
Capital Lojistik ve Taş. Hiz. San. ve Tic. A.Ş.,caplogtr.com,istanbul@caplog.org,0212 274 57 67,İSTANBUL,UTIKAD
Capital Uluslararası Taş. ve Dış Tic. Ltd. Şti.,capitalticaret.com,info@capitalticaret.com,0212 598 05 88,İSTANBUL,UTIKAD
Cargojet Kargo Taşımacılık Hizmetleri Ltd. Şti.,cargojet.com.tr,aydin@cargojet.com.tr,0216 208 15 08,İSTANBUL,UTIKAD
Cargomed Denizcilik ve Lojistik Ltd. Şti.,cargomed.com.tr,izzet.saribiyik@cargomed.com.tr,0324 504 26 00,MERSİN,UTIKAD
CAS Lojistik Ltd. Şti.,caslog.com.tr,info@caslog.com.tr,0224 272 02 27,BURSA,UTIKAD
Catlog Uluslararası Taş. ve Dış Tic. A.Ş.,catlog.com.tr,yalin.seylan@catlog.com.tr,0216 755 70 52,İSTANBUL,UTIKAD
Catoni Hava ve Deniz Taşımacılık Ltd. Şti.,catoni.com.tr,catoniforwarding<code>@</code>catoni.com.tr,0212 251 50 60,İSTANBUL,UTIKAD
CBN Lojistik Depolama ve Dağıtım A.Ş.,cbn.com.tr,info@cbn.com.tr,0212 694 21 04 / 0212 694 21 14,İSTANBUL,UTIKAD
CEA Safir Global Kargo A.Ş.,safirlogistics.com,info@safirlogistics.com,0212 910 01 71,İSTANBUL,UTIKAD
CETA Uluslararası Nakliyat Petrol Gıda İnşaat Sanayi ve Ticaret Ltd. Şti.,cetalojistik.com.tr,project@cetalojistik.com.tr,0324 239 00 73,ŞIRNAK,UTIKAD
Ceva Hava ve Deniz Taşımacılığı A.Ş.,cevalogistics.com,info@cevalogistics.com,0212 456 10 00,İSTANBUL,UTIKAD
Ceva Tedarik Zinciri Çözümleri ve Teknoloji A.Ş.,borusanlojistik.com,ibaltaci@borusan.com,0212 473 15 15,İSTANBUL,UTIKAD
Ceylog Project Lojistik A.Ş.,ceylog.com,info@ceylog.com.tr,0850 308 02 39,İSTANBUL,UTIKAD
Ceynak Lojistik ve Ticaret A.Ş.,ceynak.com.tr,istanbul@ceynak.com.tr,0212 693 18 18,İSTANBUL,UTIKAD
CGL Uluslararası Nakliyat ve Dış Tic. Ltd. Şti.,cgllojistik.com.tr,info@cgllojistik.com.tr,0850 308 02 45,İSTANBUL,UTIKAD
CGLOG Deniz Acenteliği San. Ve Tic. Ltd. Şti.,cglog.com.tr,cem.yener@cglog.com.tr,0850 399 78 98,MERSİN,UTIKAD
Cihanalp Lojistik Deniz. Depolama Petrol Ürün. Oto. San. Tic. Ltd. Şti.,cihanalplojistik.com,info@cihanalplojistik.com,0850 220 39 17,KOCAELİ,UTIKAD
CJ ICM Lojistik Hizmetleri Ltd. Şti.,cj-icm.com,info@cj-icm.com,0216 425 48 33,İSTANBUL,UTIKAD
CLK Worldwide Lojistik ve Tic. A.Ş.,clkworld.com,info@clkworld.com,0212 306 50 00,İSTANBUL,UTIKAD
Coli Project Cargo Denizcilik Ltd. Şti.,coli.com.tr,istanbul@coli.com.tr,0212 913 90 08,İSTANBUL,UTIKAD
Collicare Lojistik A.Ş.,collicare.com,cem.turkdonmez@collicare.com,0212 809 13 13,İSTANBUL,UTIKAD
Colos Lojistik A.Ş.,colos.com.tr,yunus.kaya@colos.com.tr,0216 519 14 40,İSTANBUL,UTIKAD
Compass Lojistik A.Ş.,compasslog.com.tr,saadet.ozgul@compasslog.com,0212 663 04 44,İSTANBUL,UTIKAD
Conceptum Logistics İstanbul Nakliyat A.Ş.,conceptum-logistics.com,,0216 695 11 03,İSTANBUL,UTIKAD
Connect Console Cargo Loj. İç ve Dış Tic. A.Ş.,cccturkey.com,info@cccturkey.com,0216 651 90 00,İSTANBUL,UTIKAD
Console Shipping Services Lojistik Hizmet İç ve Dış Tic. A.Ş.,cssgroupsite.com,,,İSTANBUL,UTIKAD
Continent Lojistik Gıda Tarım İnşaat Otomotiv İthalat İhracat Sanayi ve Ticaret Ltd. Şti.,continentlgs.com,info@continentlgs.com,0850 441 90 70,MERSİN,UTIKAD
Contmarine Uluslararası Taşımacılık A.Ş.,contmarine.com,info@contmarine.com,0324 404 03 33,MERSİN,UTIKAD
CT Lojistik ve Dış Tic. A.Ş.,caspiantrans.com.tr,info@caspiantrans.com,0216 488 82 02,İSTANBUL,UTIKAD
CTF Global Lojistik A.Ş.,ctfglobal.com,d.aksu@ctfglobal.com,0216 255 15 00,İSTANBUL,UTIKAD
CTT Worldwide Lojistik A.Ş.,ctt.com.tr,info@ctt.com.tr,444 31 04,İSTANBUL,UTIKAD
CVS Global Lojistik Ltd. Şti.,cvsglobal.com.tr,info@cvsglobal.com.tr,0533 511 79 87,ANKARA,UTIKAD
CWT Anadolu Lojistik A.Ş.,cwtturkey.com.tr,info@cwtturkey.com,0212 465 42 41,İSTANBUL,UTIKAD
Çaba Misnak Proje Loj. Vinç ve Mühendislik A.Ş.,cabamisnak.com,info@cabamisnak.com,0216 425 60 70,İSTANBUL,UTIKAD
Çağ Lojistik A.Ş.,caglojistik.com,info@caglojistik.com,0216 577 14 44,İSTANBUL,UTIKAD
Çağlayan Depolama ve Nakliye Hizmetleri Ticaret Ltd. Şti. İstanbul Şubesi,caglayanlojistik.com,caglayan@caglayanlojistik.com,0216 561 87 90,İSTANBUL,UTIKAD
Çağrı Kargo Transport Lojistik Gümrükleme İnşaat Tarım Hayvancılık İthalat İhracat Nakliyat Sanayi ve Tic. Ltd. Şti.,cagrilojistik.com,cagri@cagrilojistik.com,0324 232 25 11,MERSİN,UTIKAD
Çelebi Hava Servisi A.Ş.,celebiaviation.com,ist.cargo@celebiaviation.com,0212 468 68 00,İSTANBUL,UTIKAD
Çobantur Turizm Ticaret ve Nakliyat A.Ş.,cobanturboltas.com,info@cobantur.com,0216 564 64 64,İSTANBUL,UTIKAD
D.K Grup Dış Tic. Ulus. Nak. Turz. ve Tic. Ltd. Şti.,dkgrup.com.tr,emir@dkgrup.com.tr,0216 469 62 52,İSTANBUL,UTIKAD
Dachser Turkey Lojistik Hizmetleri A.Ş.,dachser.com.tr,izmir@dachser.com.tr,0232 464 78 34,İZMİR,UTIKAD
Dahnay Lojistik A.Ş.,dahnay.com,tr.sergun@dahnaylogistics.com,0531 383 80 78,İSTANBUL,UTIKAD
Danış Giyim Dış Tic. ve San. Ltd. Şti.,danisgroup.com,info@danisgroup.com,0212 638 18 18,İSTANBUL,UTIKAD
Dark Blue Lojistik Dış Ticaret Ltd. Şti.,darkblueshipping.com,mcevad@darkblueshipping.com,0212 400 17 17,İSTANBUL,UTIKAD
Daynight Logistics Taş. ve Dış Tic. Ltd. Şti.,daynightlogistics.com.tr,info@daynightlogistics.com.tr,0534 271 79 66,İSTANBUL,UTIKAD
DBF Lojistik A.Ş.,dbflojistik.com.tr,info@dbflojistik.com.tr,0216 766 21 16,İSTANBUL,UTIKAD
DBL Lojistik San. ve Tic. Ltd. Şti.,dbllojistik.com.tr,info@dbllojistik.com.tr,0324 502 23 00,MERSİN,UTIKAD
DDLOGI Logistic Taşımacılık Çözüm Hizmetleri Sanayi ve Ticaret Ltd. Şti.,ddlogi.com,info@ddlogi.com,0549 134 16 00,BURSA,UTIKAD
Demtaş Lojistik Hizmetleri ve Dış Tic. Ltd. Şti.,demtastr.com,info@demtastr.com,0212 678 73 00,İSTANBUL,UTIKAD
Den-Ka Lojistik Taş. Turizm San. ve Tic. Ltd. Şti.,denkalojistik.com.tr,denka@denkalojistik.com.tr,444 1 293,MERSİN,UTIKAD
Denmar Uluslararası Nakliyat Tic. Ltd. Şti.,denmar.com.tr,info@denmar.com.tr,0216 474 51 39,İSTANBUL,UTIKAD
Devco Lojistik Hizmetleri ve Tic. Ltd. Şti.,devcolojistik.com,info@devcolojistik.com,0216 575 51 34 - 0216 574 30 65,İSTANBUL,UTIKAD
DFDS Lojistik A.Ş.,ekol.com,info@ekol.com,0216 564 30 00,İSTANBUL,UTIKAD
"DGR Global Hava, Deniz ve Kara Taş. A.Ş.",dgrgloballogistics.com,info@dgrgloballogistics.com,,İSTANBUL,UTIKAD
DHL Global Forwarding Taşımacılık A.Ş.,dhl.com,bizimlepaylasin@dhl.com,0212 692 50 50,İSTANBUL,UTIKAD
Dialog Ulus. Taş. ve Tic. Ltd. Şti.,dialogtrans.com.tr,,0212 573 30 40,İSTANBUL,UTIKAD
Dietrich A.B. Loj. Ulus. Nak. Turizm Tic. Ltd. Şti.,dietrich-ablogistic.com,info@dietrich-ablogistic.com,0216 339 82 10,İSTANBUL,UTIKAD
Dietrich Lojistik Ulus. Nak. Dış Tic. Ltd. Şti.,dietrich-logistic.com,info@dietrichlogistic.com,0216 463 54 54,İSTANBUL,UTIKAD
Dinçer Lojistik A.Ş.,dincerlojistik.com,info@dincerlojistik.com.tr,444 28 74,İSTANBUL,UTIKAD
DNB Lojistik Ltd. Şti.,dnb-tr.com,mehmet.ozkan@dnb-tr.com,0324 238 72 37,MERSİN,UTIKAD
Doğruer Lojistik ve Ulus. Nak. Dış Tic. Ltd. Şti.,dogruer.com,info@dogruer.com,0216 394 43 77,İSTANBUL,UTIKAD
Doğuş Lojistik Nakliyat İnşaat Sanayi ve Tic. A.Ş.,doguslojistik.com.tr,info@doguslojistik.com.tr,0212 875 51 51,İSTANBUL,UTIKAD
DP World Turkey Freight Lojistik A.Ş.,imperiallogistics.com,oktay.baykut@dpworld.com,0212 444 16 39 - 0850 532 99 90,İSTANBUL,UTIKAD
DP World Yarımca Liman İşletmeleri A.Ş.,dpworldyarimca.com,gokhan.yurteken@dpworld.com,0262 316 11 00,KOCAELİ,UTIKAD
DPL Lojistik A.Ş.,dpl.com.tr,umut.demirkol@dpl.com.tr,0216 403 13 75,İSTANBUL,UTIKAD
DSL Lojistik ve Ulus. Taş. Tic. Ltd. Şti.,dsllogistics.com.tr,info@dsllogistics.com.tr,0232 464 16 64,İZMİR,UTIKAD
DST Speed Lojistik Hizmetleri ve Ticaret Ltd. Şti.,flashturkey.com.tr,,0850 888 82 36,İSTANBUL,UTIKAD
DSV Hava ve Deniz Taşımacılığı A.Ş.,tr.dsv.com,info@tr.dsv.com,444 43 78,İSTANBUL,UTIKAD
DSV International Hava ve Deniz Taş. Ltd. Şti.,dsv.com,info@tr.dsv.com,444 43 78,İSTANBUL,UTIKAD
E.A.S.T. Trans Ulus. Nak. ve Tic. Ltd. Şti.,easttrans.com.tr,easttrans@easttrans.com.tr,0216 411 32 60,İSTANBUL,UTIKAD
ECU Worldwide Turkey Taşımacılık A.Ş.,ecuworldwide.com,info@ecuworldwide.com,0216 575 60 00,İSTANBUL,UTIKAD
Edeşsoy Denizcilik ve Proje Taş. Ltd. Şti.,edessoy.com.tr,edessoy@edessoy.com,0850 885 16 67,İSTANBUL,UTIKAD
EFA Uluslararası Nakliyat ve Dış Tic. Ltd. Şti.,efanakliyat.com.tr,eyup@efanakliyat.com.tr,0216 387 63 87,İSTANBUL,UTIKAD
Ege Ekspres Uluslararası Taş. Hiz. Tic. Ltd. Şti.,egeekspres.com,info@egeekspres.com,0232 463 50 54,İZMİR,UTIKAD
Ejder Global Loj. Otomotiv ve Pazar. Ltd. Şti.,ejderlojistik.com.tr,gokhanejder@ejderlojistik.com.tr,0532 643 65 08,İSTANBUL,UTIKAD
Eksper Tren Taşımacılığı A.Ş.,ekspertren.com,info@eksperrail.com,0212 216 59 04 - 0212 216 59 05,İSTANBUL,UTIKAD
Ekspres Gemi. Hava Kargo Tur. ve Tic. Ltd. Şti.,expressairtravel.net,info@expressairtravel.net,0242 248 29 50 - 0242 248 29 51,ANTALYA,UTIKAD
Ektrans Ulus. Nak. ve Tic. A.Ş.,ektrans.com.tr,info@ektrans.com.tr,0212 290 76 76,İSTANBUL,UTIKAD
Element Uluslararası Nakliyat Lojistik ve Turizm İth. İhr. Tic. A.Ş.,elementlogistic.com,info@elementlogistic.com,0232 465 20 15,İZMİR,UTIKAD
Eleven Danır 19 Denizcilik ve Proje Taşımacılığı A.Ş.,11d19.com,,,İSTANBUL,UTIKAD
Eli Ulus. Taş. ve Turizm Tic. Ltd. Şti.,eliexpress.com.tr,info@eliexpress.com.tr,0212 470 37 37,İSTANBUL,UTIKAD
Elif Geyikoğlu Alpha Partner Dış Ticaret,partner-alpha.com,info@partner-alpha.com,0532 399 34 16,İSTANBUL,UTIKAD
Elin Uluslararası Nakliye Aracılık Hizmetleri ve Dış Ticaret Ltd. Şti.,elinlogistics.com.tr,info@elinlogistics.com.tr,0216 504 35 61,İSTANBUL,UTIKAD
Elmina Lojistik ve Taşımacılık Tic. Ltd. Şti,elmina.com.tr,info@elmina.com.tr,0530 497 61 66,İSTANBUL,UTIKAD
ELS Uluslararası Taş. Hiz. Tic. A.Ş.,elslog.com,info@elslog.com,0212 423 96 00,İSTANBUL,UTIKAD
Embassy Freight Ulus. Taş. ve Tic. Ltd. Şti.,embassy.com.tr,info@embassy.com.tr,0216 450 25 75,İSTANBUL,UTIKAD
Emea Global Hava ve Deniz Taşımacılığı A.Ş.,emeaglobal.com,,0212 280 94 26 - 0212 283 96 46,İSTANBUL,UTIKAD
Emons Uluslararası Transport ve Tic. Ltd. Şti.,emons.com,info@emons.com.tr,0212 278 41 42,İSTANBUL,UTIKAD
Enatrans Ulus. Taş. Loj. ve Dış Tic. Ltd. Şti.,enatrans.com,ercan.sahin@enatrans.com,0232 484 63 00,İZMİR,UTIKAD
Enco Lojistik ve Ticaret A.Ş.,enco.com.tr,info@enco.com.tr,0212 473 54 00,İSTANBUL,UTIKAD
Enki Lojistik A.Ş.,enkitransport.com,info@enkitransport.com,0532 641 28 75,İSTANBUL,UTIKAD
Erkport Liman Hizmetleri A.Ş.,erkport.com,info@erkport.com,0232 422 09 69,İZMİR,UTIKAD
Erkut Depolama Nakliyat A.Ş.,erkutnakliyat.com.tr,muhasebe@erkutnakliyat.com.tr,0362 420 02 03,SAMSUN,UTIKAD
Erler Global Loj. ve Gümrük Müşavirliği A.Ş.,erlerglobal.com,info@erlerglobal.com,0216 474 08 10,İSTANBUL,UTIKAD
Erse Lojistik Turizm Tekstil Uluslararası Nakliyat ve Dış Tic. Ltd. Şti.,erselojistik.com,info@erselojistik.com,0212 580 37 73,İSTANBUL,UTIKAD
ES Uluslararası Taş. ve Denizcilik Tic. A.Ş.,esitr.com,info@esitr.com,0216 562 11 00,İSTANBUL,UTIKAD
Esalco Lojistik ve Dış Tic. A.Ş.,esalco.com,info@esalco.com.tr,444 2 395,İSTANBUL,UTIKAD
Esna Ulus. Taş. Brokerlik Hiz. ve Dış Tic. Ltd. Şti.,esnafreight.com,info@esnafreight.com,0216 688 45 00,İSTANBUL,UTIKAD
Estelog Lojistik A.Ş.,este-log.com,info@este-log.com,0216 337 60 00,İSTANBUL,UTIKAD
Eti Lojistik Demiryolu Taş. ve İşletmeciliği Vagon Bakım Onarım İmalat San. ve Tic. A.Ş.,yilport.com.tr,,0262 629 76 00,KOCAELİ,UTIKAD
Eureka Loj. Konteyner ve San. Tic. Ltd. Şti.,eurekacontainers.com,accounts@eurekacontainers.com,0537 265 98 40,İSTANBUL,UTIKAD
Europe Intermodal Nak. Hiz. Aracılığı Ltd. Şti.,europeintermodal.com,pulaterginbas@europeintermodal.com,0216 455 99 67,İSTANBUL,UTIKAD
Euroturk Lojistik Dış Ticaret Ltd. Şti.,euroturktr.com,evren@euroturktr.com,0212 852 69 19,İSTANBUL,UTIKAD
Everest Denizcilik Lojistik İç ve Dış Tic. Ltd. Şti.,everestshipping.com.tr,info@everestshipping.com.tr,0216 445 12 56,İSTANBUL,UTIKAD
Evliya Çelebi Nakliyat Loj. İnş. ve Tic. Ltd. Şti.,evliyacelebinakliyat.com,info@evliyacelebinakliyat.com,0212 630 40 50,İSTANBUL,UTIKAD
Evolog Nakliyat ve Lojistik Hiz. Tic. Ltd. Şti.,evolog.com.tr,info@evolog.com.tr,0212 999 86 86,İSTANBUL,UTIKAD
Expeditors İnternational Taş. ve Tic. A.Ş.,expeditors.com,suleyman.ture@expeditors.com,0212 413 77 00,İSTANBUL,UTIKAD
Fast Turkey Lojistik ve Turizm A.Ş.,fastlogisticscargo.com,info.turkey@fastlogisticscargo.com,0850 755 92 93,İSTANBUL,UTIKAD
FedEx Logistics Turkey Taş. ve  Ltd. Şti.,ftn.fedex.com,info@fedex.com,0212 705 38 00,İSTANBUL,UTIKAD
Fevzi Gandur Uluslararası Taşımacılık A.Ş.,smartlog.com.tr,info@smartlog.com.tr,0212 987 55 55,İSTANBUL,UTIKAD
Filenders Lojistik ve Teknoloji A.Ş.,filenders.com,,0324 503 84 33,MERSİN,UTIKAD
FL Fuar Lojistik Hizmetleri Taşımacılık Ltd. Şti.,fuarlojistigi.com,expo@fuarlojistigi.com,0212 599 67 21 - 22,İSTANBUL,UTIKAD
FMS Lojistik Ltd. Şti.,fms-logistics.com,bilgehan.engin@fms-logistics.com,0216 469 17 30,İSTANBUL,UTIKAD
Form Global Lojistik ve Ticaret Ltd. Şti.,formgloballogistics.com,info@formgloballogistics.com,0232 348 31 05,İZMİR,UTIKAD
Formar Denizcilik ve Ticaret A.Ş.,formarshipping.com,agency@formarshipping.com,0212 393 22 00,İSTANBUL,UTIKAD
Former Deniz Acenteliği San. ve Tic. Ltd. Şti.,formerlojistik.com.tr,info@formerlojistik.com.tr,0531 721 33 70,MERSİN,UTIKAD
Four Plus Logistics / FP Uluslararası Taşımacılık Loj. ve Dış Tic. Ltd. Şti.,fourplus.com.tr,ozgecan.er@fourplus.com.tr,0212 777 39 63 - 0212 777 39 64,İSTANBUL,UTIKAD
Fracht Lojistik A.Ş.,frachtgroup.com,accounting@fracht.com.tr,0216 999 49 69,İSTANBUL,UTIKAD
Fratelli Cosulich Taş. Hiz.  Ltd. Şti.,cosulich.com.tr,derya@cosulich.com.tr,0212 292 47 30,İSTANBUL,UTIKAD
Freightcon International Taş. Tic. Ltd. Şti.,freightcon.com.tr,istanbul@batigroup.com.tr,0212 252 21 48,İSTANBUL,UTIKAD
FSP Uluslararası Taşımacılık Hiz. Tic. Ltd. Şti.,fsplogistics.com,fairs@fsplogistics.com,0212 470 70 70,İSTANBUL,UTIKAD
G Lojistik ve Denizcilik Ulus. Tic. A.Ş.,glogistics-tr.com,serdar.yetismisoglu@glogistics-tr.com,0216 464 41 02,İSTANBUL,UTIKAD
Galata Taşımacılık ve Ticaret A.Ş.,galpi.com.tr,info@galpi.com.tr,0850 755 04 58,İSTANBUL,UTIKAD
Gata Lojistik ve Havacılık Hizmetleri A.Ş.,gatagroup.com.tr,info@gatagroup.com.tr,0212 465 81 88,İSTANBUL,UTIKAD
Gefco Taşımacılık ve Lojistik A.Ş.,tr.gefco.net,info.turkey@gefco.net,,İSTANBUL,UTIKAD
Gemline Denizcilik Hiz. San. ve Tic. Ltd. Şti.,gemline.com.tr,container@gemline.com.tr,0224 519 01 12,BURSA,UTIKAD
Genel Transport Nakliyat ve Tic. Ltd. Şti.,geneltransport.com.tr,info@geneltransport.com.tr,0212 241 25 15,İSTANBUL,UTIKAD
Geodis Turkey Nakliyat A.Ş.,geodis.com,tr.info@geodis.com,0216 573 32 05,İSTANBUL,UTIKAD
Ges Logistics Taşımacılık Ltd. Şti.,globeexpress.com,jan.gulluoglu@globeexpress.com,0212 442 34 08,İSTANBUL,UTIKAD
Gezairi Transport Nakliyat ve Ticaret A.Ş.,gezairi.com,istanbul@gezairi.com,0212 232 02 04 - 0850 724 04 84,İSTANBUL,UTIKAD
GF Taşımacılık ve Lojistik Hizmetleri Tic. A.Ş.,gflogistics.com.tr,soneryarkin@gflogistics.com.tr,0216 336 16 68,İSTANBUL,UTIKAD
GFT Lojistik A.Ş.,gftlogistics.com,gft@gftlogistics.com,0212 424 05 75,İSTANBUL,UTIKAD
GHISA Lojistik Uluslararası Taş. ve Tic. Ltd. Şti.,ghisalogistics.com,ulas.kirmizi@ghisalogistics.com,,İSTANBUL,UTIKAD
Giritli Uluslararası Ticaret ve Loj. Ltd. Şti.,giritliglobal.com,operasyon@giritliglobal.com,0216 688 10 00,İSTANBUL,UTIKAD
Global Star Lojistik Sanayi ve Ticaret Ltd. Şti.,globalstarlojistik.com,alper.aysen@globalstarlojistik.com,0532 568 54 80,MERSİN,UTIKAD
Globaltrade Dış Ticaret ve Lojistik Ltd. Şti.,globallogistics.com.tr,info@globallogistics.com.tr,0212 532 00 50,İSTANBUL,UTIKAD
Globe Air Cargo Taş. Hiz. Tic. A.Ş.,ecsgroup.aero,accounting.tr@ecsgroup.aero,0212 465 02 30,İSTANBUL,UTIKAD
Globelink Ünimar Lojistik A.Ş.,globelink-unimar.com,info@globelink-unimar.com,0216 651 93 93,İSTANBUL,UTIKAD
Glober Lojistik A.Ş.,globerlojistik.com,glober@globerlojistik.com,0216 663 63 00,İSTANBUL,UTIKAD
GNV Loj. Ulus. Taş. Den. ve Dış Tic. Ltd. Şti.,gnwlogistics.com,management@gnwlogistics.com,0232 489 11 44,İZMİR,UTIKAD
GNY Global Lojistik Depolama Taş. Tic. A.Ş.,gnyglobal.com,finance@gnyglobal.com,0212 224 00 13,İSTANBUL,UTIKAD
Gökbil Nak. Depolama Loj. San. ve Dış Tic. A.Ş.,gokbil.com.tr,gokbil@gokbil.com.tr,0262 754 20 67,KOCAELİ,UTIKAD
Gökbora Ulus. Nak. ve Tic. A.Ş.,gokboranakliyat.com,info@gokbora.com,0212 878 00 00,İSTANBUL,UTIKAD
Greenlog İntermodal Lojistik Hiz. A.Ş.,greenlog.com.tr,info@greenlog.com.tr,0212 267 10 18,İSTANBUL,UTIKAD
Gruptrans Uluslararası Taşımacılık ve Tic. A.Ş.,gruptrans.com,info@gruptrans.com,0312 215 43 44,ANKARA,UTIKAD
Habur Petrol Ürünleri ve Gıda Sanayi Nakliyat İthalat İhracat Ltd. Şti. Mersin Şubesi,habur.com.tr,info@haburpetrol.com,0324 454 07 70,MERSİN,UTIKAD
Haliç Ulus. Taş. Turizm ve Dış Tic. Ltd. Şti.,halicint.com,halic@halicint.com,0212 653 18 53,İSTANBUL,UTIKAD
Hardway Logistics Taşımacılık A.Ş.,ariyalojistik.com,info@hardwaylogistics.com,0216 469 99 90 - 0216 469 99 91,İSTANBUL,UTIKAD
Hareket Proje Taş. ve Yük Mühendisliği A.Ş.,hareket.com,marketing@hareket.com,0216 311 41 41,İSTANBUL,UTIKAD
Hasenat Loj. İç ve Dış Tic. Ltd. Şti.,hasenatlogistics.com,sales@hasenatlogistics.com,0555 823 83 82,ANKARA,UTIKAD
Havaalanları Yer Hizmetleri A.Ş.,havas.net,info@havas.net,0212 465 56 56,İSTANBUL,UTIKAD
Hellmann Worldwide Lojistik Ltd. Şti.,hellmann.net,Sinan.mutlu@hellmann.com,0212 875 30 44,İSTANBUL,UTIKAD
Hilal Trans Uluslararası Nakliyat ve Tic. A.Ş.,hilaltrans.com,hilaltrans@hilaltrans.com,0216 576 98 27,İSTANBUL,UTIKAD
Hiper Lojistik Dış Ticaret A.Ş.,hiperlojistik.com,info@hiperlojistik.com,0850 474 13 44,HATAY,UTIKAD
Hisar Lojistik Turizm İnşaat ve Dış Tic. Ltd. Şti.,hisargroup.com,info@hisargroup.com,0212 426 70 50,İSTANBUL,UTIKAD
History Dış Ticaret ve Lojistik Ltd. Şti.,history-ftl.com.tr,ulvi@history-ftl.com.tr,0216 766 59 04,İSTANBUL,UTIKAD
Hitit Trans Uluslararası Nakliyat Gümrük Müşavirliği  San. ve Tic. Ltd. Şti.,hitittrans.com,info@hitittrans.com,0312 472 11 47,ANKARA,UTIKAD
Hitit Val Güvenlik Hizmetleri A.Ş.,ferrarigroup.net,deniz.asik@ferrarigroup.net,0212 603 33 11,İSTANBUL,UTIKAD
HK Hızlı Kargo Uluslararası Taşımacılık Lojistik Hizmetleri ve Tic. A.Ş.,shipzip.com,team@shipzip.com,0212 274 00 18,İSTANBUL,UTIKAD
HM Uluslararası Proje Taşımacılığı A.Ş.,hm-proje.com.tr,info@hm-proje.com.tr,0212 232 01 37,İSTANBUL,UTIKAD
Horoz Lojistik Kargo Hizmetleri ve Tic. A.Ş.,horoz.com.tr,info@horoz.com.tr,0212 456 10 00,İSTANBUL,UTIKAD
Hoyer Uluslararası Nakliyat Ltd. Şti.,hoyer-group.com,ekin.tirman@hoyer-group.com,0262 724 95 80,KOCAELİ,UTIKAD
Hödlmayr Nakliyat ve Tic. Ltd. Şti.,hoedlmayr.com,info@hoedlmayr.com,0216 314 69 03,İSTANBUL,UTIKAD
HPL One Uluslararası Proje Lojistik A.Ş.,hpl-one.com,turkiye@hpl-one.com,0216 504 79 00,İSTANBUL,UTIKAD
HRA Global Lojistik A.Ş.,hragloballogistics.com,,0216 445 00 54 - 0216 445 44 55,İSTANBUL,UTIKAD
HS Lojistik Ulus. Nak. İhr. İth. Hasan SEVİNSEL,hsinternationaltransport.com,info@hsinternationaltransport.com,0212 202 88 90,İSTANBUL,UTIKAD
HSL Uluslararası Taşımacılık Hiz. Tic. Ltd. Şti.,hslinternational.com.tr,halil@hslinternational.com.tr,0324 238 28 63,MERSİN,UTIKAD
Hubtic Lojistik ve Yazılım A.Ş.,hubtic.com,operations@hubtic.com,0216 326 16 01,İSTANBUL,UTIKAD
Hursan Lojistik ve Dış Tic. A.Ş.,hursanlojistik.com,info@hursanlojistik.com,0212 876 62 00,İSTANBUL,UTIKAD
HYDRA Deniz Kara Hava Demiryolu Taşımacılık Lojistik İthalat İhracat Sanayi ve Ticaret A.Ş.,hydralogistics.com.tr,,,BURSA,UTIKAD
Hyundai Glovis Loj. Dış Tic. San. ve Tic. Ltd. Şti.,glovis.com.tr,ozanbayram@glovis.com.tr,0216 380 07 01,İSTANBUL,UTIKAD
IFF Lojistik Hizmetleri A.Ş.,ifforwarding.com,info@ifforwarding.com,0212 400 13 13,İSTANBUL,UTIKAD
Innova Global Sis. Danış. Loj. Hiz. ve Tic. Ltd. Şti.,innovaturkey.com,info@innovaturkey.com,0216 550 10 35,İSTANBUL,UTIKAD
InterRail Uluslararası Nak. ve Loj. Hiz. A.Ş.,interrail.ag,enver.eser@interrail.ag,0533 685 76 20,İSTANBUL,UTIKAD
ISC Lojistik A.Ş.,isc.com.tr,isc@isc.com.tr,444 74 14,İZMİR,UTIKAD
Isl Int. Nakliyat ve Ticaret Ltd. Şti.,islgroup.net,baran.ozkaya@tr.islgroup.net,0232 422 17 37,İZMİR,UTIKAD
ISS Global Forwarding Taşımacılık A.Ş.,iss-globalforwarding.com,TR.PAYABLES@iss-gf.com,0216 265 65 00,İSTANBUL,UTIKAD
ISS Palumbo Turkey Deniz Acentalığı Nakliyat ve Ticaret Ltd. Şti.,iss-palumbo.com,issp-turkey@iss-palumbo.com,0850 840 46 75,İSTANBUL,UTIKAD
ITS Lojistik A.Ş.,itslojistik.com,info@itslojistik.com,0216 414 88 77,İSTANBUL,UTIKAD
İbrakom Lojistik Hizmetleri Ltd. Şti.,ibrakom.com,ilknur.salli@ibrakom.com,0216 425 48 33,İSTANBUL,UTIKAD
İda Uluslararası Taşımacılık Tic. A.Ş.,idafreight.com,info@idafreight.com,0216 492 94 90,İSTANBUL,UTIKAD
İDEA Taşımacılık Hizmetleri ve Ticaret Ltd. Şti.,idealogistics.net,deniz.maral@idealogistics.net,,İSTANBUL,UTIKAD
İdeal Denizcilik ve Taşımacılık Ltd. Şti.,ideal-transport.com,info@ideal-transport.com,0216 346 50 42,İSTANBUL,UTIKAD
İDL Lojistik Hizmetleri A.Ş.,idllogistics.com,info@idllogistics.com,0212 496 02 02,İSTANBUL,UTIKAD
İDO İstanbul Deniz Otobüsleri San. ve Tic. A.Ş.,ido.com.tr,ksm@ido.com.tr,0212 455 69 00,İSTANBUL,UTIKAD
İmisk İth. İhr. Tic. ve Nak. A.Ş.,imisk.com.tr,muhasebe@imisk.com.tr,0324 238 57 00,İSTANBUL,UTIKAD
İMS Lojistik Sanayi ve Ticaret Ltd. Şti.,imslojistik.com,ims@imsglobe.com,0324 504 04 37,MERSİN,UTIKAD
İnter Kombi Transport ve Lojistik A.Ş.,intercombi.com,info@intercombi.com,0212 622 50 00,İSTANBUL,UTIKAD
İrmaklar Uluslararası Taşımacılık İth. İhr. San. ve Tic. Ltd. Şti.,irmaklar.com,irmaklar@irmaklar.com,0324 238 30 15,MERSİN,UTIKAD
İrnak Lojistik Dış Tic. Ltd. Şti.,irnak.com.tr,irnaklojistik@gmail.com,0216 527 58 05,İSTANBUL,UTIKAD
İstanbul Denizcilik Nak. ve Tic. Ltd. Şti.,istanbulogistics.com,info@istlogistics.com,0216 622 71 11,İSTANBUL,UTIKAD
İTT Uluslararası Taş. San. ve Tic. Ltd. Şti.,itt.com.tr,info@itt.com.tr,0262 751 22 67,KOCAELİ,UTIKAD
İznak İzmir Uls. Nakt İnş. San.i ve Tic. Ltd. Şti.,iznak.com.tr,muhasebe@iznak.com.tr,0232 435 88 88,İZMİR,UTIKAD
JMS Uluslararası Taş. Organizasyon Tic. A.Ş.,jms.com.tr,jmsizm@jms.com.tr,0232 464 72 74,İZMİR,UTIKAD
John Good Deniz. Taş. ve Loj. Hiz. Tic. Ltd. Şti.,johngood.com.tr www.johngood.co.uk,info@johngood.com.tr,0232 482 35 65,İZMİR,UTIKAD
Join The Moment Lojistik A.Ş.,jtmsa.com,hdonmez@jtmsa.com,0555 262 25 02,İSTANBUL,UTIKAD
Just Marine Lojistik Hizmetleri A.Ş.,justmarine.com.tr,account@justmarine.com.tr,0342 502 01 90,GAZİANTEP,UTIKAD
KA Global Lojistik Hizmetleri Ticaret A.Ş.,kagl.com.tr,alex.sandalci@kagl.com.tr,0212 302 78 62,İSTANBUL,UTIKAD
KAF TRANS Uluslararası Taş. ve Tic. A.Ş.,kaftrans.com.tr,info@kaftrans.com.tr,0216 380 75 23,İSTANBUL,UTIKAD
"Kalenakliyat, Seyahat ve Turizm A.Ş.",kalenakliyat.com.tr,kalenakliyat@kale.com.tr,0286 416 19 00,ÇANAKKALE,UTIKAD
Kales Airline Services Taşımacılık Ltd. Şti.,actglobal.aero,selcuk.yeginer@actglobal.aero,0530 407 65 18,İSTANBUL,UTIKAD
Kamp Lojistik Ticaret A.Ş.,kamplogistics.com,info@kamplogistics.com,0232 274 52 67,İZMİR,UTIKAD
Karaca Global Lojistik A.Ş.,karacalojistik.com,info@karacalojistik.com,0212 451 20 20,İSTANBUL,UTIKAD
Karadağ Denizcilik Yük Sabitleme ve Liman Hizmetleri Sanayi ve Ticaret Ltd. Şti.,karadagdenizcilik.com,,0850 441 01 07,İSTANBUL,UTIKAD
Kare Kara Taş. Loj. Hizmetler ve Dış Tic. A.Ş.,karekara.com.tr,info@karekara.com,0212 876 03 58,İSTANBUL,UTIKAD
Kargotur Dış Tic. Nakliyat Turizm Ltd. Şti.,kargotur.com.tr,info@kargotur.com.tr,0212 662 28 27,İSTANBUL,UTIKAD
Karınca Lojistik A.Ş.,karincalogistics.com,info@karincalogistics.com,0212 866 18 66,İSTANBUL,UTIKAD
Katılımcı Üye - Lojisoft Yazılım Hizmetleri A.Ş,lojisoft.com,gizem.doa.com.tr,0216 466 85 32,İSTANBUL,UTIKAD
Katılımcı Üye - Move Tech Yazılım Ticaret A.Ş.,movetech.com.tr,info@movetech.com.tr,,İSTANBUL,UTIKAD
KD Denizcilik Uluslararası Taş. ve Tic. A.Ş.,kdd.com.tr,info@kdd.com.tr,0216 337 17 00,İSTANBUL,UTIKAD
Keşif Nakliyat ve Gümrükleme Tic. Ltd. Şti.,kesifnakliyat.com,sevil@kesifnakliyat.com,0212 466 38 90,İSTANBUL,UTIKAD
Key Depolama Lojistik Ticaret A.Ş.,keylogistics.com.tr,,0232 435 82 82,İZMİR,UTIKAD
KG Marin Lojistik Ticaret A.Ş.,kgmarin.com,info@kgmarin.com,,İSTANBUL,UTIKAD
Kıta Ulaştırma Hizmetleri Tic. A.Ş.,kitalogistics.com,kitaist@kita.com.tr,0212 410 41 41,İSTANBUL,UTIKAD
Kızılay Lojistik A.Ş.,kizilaylojistik.com.tr,info@kizilaylojistik.com.tr,0216 629 64 78,İSTANBUL,UTIKAD
KL Lojistik Hizmetleri ve Tic. Ltd. Şti.,kllogistics.com.tr,kl@komodor.com.tr,0212 352 81 61,İSTANBUL,UTIKAD
Knec Lojistik ve Tedarik Hizmetleri A.Ş.,knecgroup.com,sales@knecgroup.com,0232 700 13 75,İZMİR,UTIKAD
Konsped Intermodal Taşımacılık ve Tic. A.Ş.,konsped.com,info@konsped.com,0216 468 98 00,İSTANBUL,UTIKAD
Koparan Uluslararası Nakliyat İthalat İhracat Gümrükleme Ltd. Şti.,koparan.com,info@koparan.com,0212 551 15 34,İSTANBUL,UTIKAD
Korver Lojistik ve Dış Ticaret Ltd. Şti.,korvershipping.com,info@korvershipping.com,0216 225 94 80,İSTANBUL,UTIKAD
Kre Kare Lojistik  Ltd. Şti.,karelojistik.com,kare@karelojistik.com,0850 811 52 73,İSTANBUL,UTIKAD
KS Lojistik ve Nak. İnşaat San. Dış Tic. Ltd. Şti.,kslojistik.com.tr,info@kslojistik.com.tr,0216 256 56 51,İSTANBUL,UTIKAD
KTL Uluslararası Taşımacılık ve Tic. A.Ş.,kinaygroup.com,ktl.muhasebe@kinaygroup.com,0212 355 06 00,İSTANBUL,UTIKAD
Lam Global Taşımacılık Çözümleri A.Ş.,lam-world.com,tur.elif.cetinkaya@lam-world.com.tr,0850 288 47 00,İSTANBUL,UTIKAD
Landsea Global Taşımacılık Tic. A.Ş.,landseaglobal.com,info@landseaglobal.com,0212 286 00 42,İSTANBUL,UTIKAD
Lanes Lojistik ve Tic. A.Ş.,laneslog.com,info@laneslog.com,0212 282 00 45,İSTANBUL,UTIKAD
Lara Freight Uluslararası Taşımacılık A.Ş.,larafreight.com.tr,cargo@larafreight.com.tr,0216 346 52 72,İSTANBUL,UTIKAD
Latifoğlu Gemi Acentalığı ve Nakliyat Ltd. Şti.,latifoglu.com,latifoglu@latifoglu.com,0324 238 86 13,MERSİN,UTIKAD
LDH Liman Deniz Hizmetleri Nakliye Tarım Ürünleri Madencilik Sanayi ve Ticaret Ltd. Şti.,limandenizhizmetleri.com,,0324 238 09 22,MERSİN,UTIKAD
Lemar Lojistik Hizmetleri Taş. Tic. Ltd. Şti.,lemar.com.tr,muhasebe@lemar.com.tr,0232 463 81 90,İZMİR,UTIKAD
LEX Uluslararası Taşımacılık Ticaret A.Ş.,lexlojistik.com,levent.ozkurt@lexlog.com.tr,0232 503 82 34,İZMİR,UTIKAD
LGT Lojistik A.Ş.,lgtlogistics.com.tr,info@lgtlogistics.com.tr,0216 593 91 06,İSTANBUL,UTIKAD
Lift Lojistik A.Ş.,liftdagitim.com,info@liftdagitim.com,0216 232 26 62,İSTANBUL,UTIKAD
Lima Lojistik Hizmetleri San. ve Tic. A.Ş.,limalogistics.com,info@limalogistics.com,0224 443 56 01,BURSA,UTIKAD
Limamar Hava ve Deniz Hizmetleri Ltd. Şti.,limamar.com,limamar@limamar.com,0212 213 71 42,İSTANBUL,UTIKAD
Link Lojistik Hizmetleri A.Ş.,linkshipping.com,burak.k@linkshipping.com,0216 347 02 42,İSTANBUL,UTIKAD
Linos Net Ulus. Taş. Nak. Dış Tic. Ltd. Şti.,linosint.com,info@linosint.com,0232 464 35 25,İZMİR,UTIKAD
Logex Danışmanlık Lojistik San. ve Dış Tic. A.Ş.,log-ex.com,info@log-ex.com,0224 322 05 85,BURSA,UTIKAD
Logisan Lojistik Ltd. Şti.,logi-san.com,talha@logi-san.com,0212 909 96 77,İSTANBUL,UTIKAD
Logista Global Lojistik Ltd. Şti.,logistaglobal.com,info@logistaglobal.com,0216 784 76 76,İSTANBUL,UTIKAD
Logistics Plus Ulus. Taş. Ltd. Şti.,logisticsplus.com,,0216 380 11 06,İSTANBUL,UTIKAD
Logisturk Ulus. Taş. Deniz. ve Dış Tic. Ltd. Şti.,logisturk.com.tr,info@logisturkint.com,0232 464 00 10,İZMİR,UTIKAD
Logitrans Lojistik A.Ş.,logitransport.com,contact@logitransport.com,0216 660 17 70,İSTANBUL,UTIKAD
Logwin Air And Ocean Loj. Hiz. ve Ltd. Şti.,logwin-logistics.com,osman.kahraman@logwin-logistics.com,0212 500 34 61,İSTANBUL,UTIKAD
Loop Entegre Lojistik Hizmetleri Tic. A.Ş.,looplogistics.com.tr,finance@looplogistics.com.tr,0232 502 72 85 - 0543 227 15 06,İZMİR,UTIKAD
Lova Lojistik ve Ulus. Taş. Ltd. Şti.,lova-logistics.com,gorkem.dedeoglu@lova-logistics.com,0505 291 14 03,İZMİR,UTIKAD
LSC Levant Denizcilik San. ve Tic. A.Ş.,lsc-int.com,info@lsc-int.com,0212 274 57 00,İSTANBUL,UTIKAD
Lumos Lojistik Ulus. Taş. Ltd. Şti.,lumoslogistics.com,info@lumoslogistics.com,0538 055 27 19,İSTANBUL,UTIKAD
Luvi Lojistik Ltd. Şti.,luvilog.com,nebi@luvilog.com,0322 248 70 70,ADANA,UTIKAD
M Ekspres Kargo Taş. Turizm ve Tic. Ltd. Şti.,mex.com.tr,info@mex.com.tr,0212 444 16 39,İSTANBUL,UTIKAD
Makhill Taşımacılık ve Dış Tic. A.Ş.,makhill.com.tr,mertkan@makhill.com.tr,0850 2160934,İSTANBUL,UTIKAD
Makr Group Denizcilik A.Ş.,makrgrs.com,mert@makrgrs.com,0216 771 00 96,İSTANBUL,UTIKAD
Manuport Lojistik Hizmetleri Ltd. Şti.,manuport-logistics.com.tr,info@manuport-logstics.com.tr,0216 347 57 50,İSTANBUL,UTIKAD
Mare Logistics Taşımacılık A.Ş.,marelogistics.us,ilker.ozsoylemez@marelogistics.us,0232 347 62 73,İZMİR,UTIKAD
Mare Lojistik Hizmetleri Tic. A.Ş.,marelojistik.com.tr,info@marelojistik.com.tr,0216 456 34 89,İSTANBUL,UTIKAD
Maritsa Denizcilik Sanayi ve Ticaret A.Ş.,maritsa.com.tr,,0538 240 47 48,İSTANBUL,UTIKAD
Mark Global Lojistik A.Ş.,markglobal.com.tr,info@markglobal.com.tr,0212 266 63 22,İSTANBUL,UTIKAD
Marmaris Gemi Acentalığı A.Ş.,marmarisshipping.com.tr,info@marmarisshipping.com.tr,0224 211 55 58,BURSA,UTIKAD
Marport Liman İşletmeleri San. ve Tic. A.Ş.,marport.com.tr,hizmet@marport.com.tr,0212 866 52 00,İSTANBUL,UTIKAD
Marpro Lojistik Ulus. Taş. ve Tic. Ltd. Şti.,marprologistics.com,info@marprologistics.com,0212 654 74 94,İSTANBUL,UTIKAD
Mars Hava ve Deniz Kargo Taşımacılığı  A.Ş.,marslogistics.com,aliozerol@marslogistics.com,0212 411 44 44,İSTANBUL,UTIKAD
Martı Global Lojistik San. ve Tic. Ltd. Şti.,martiglobal.com.tr,nakliye@martigloballojistik.com,0212 451 24 69,İSTANBUL,UTIKAD
Martı Konteyner Hizmetleri A.Ş.,marticontainer.com.tr,info@marticontainer.com.tr,0216 425 46 46,İSTANBUL,UTIKAD
Martrade Denizcilik Taşımacılık A.Ş.,marlog-lbg.com,umit.yuzuguldu@martrade-logistics.com,0216 688 45 50,İSTANBUL,UTIKAD
Master Global Lojistik ve Dış Tic. Ltd. Şti.,mastergloballogistics.com,mehmet@mastergloballogistic.com,0212 823 11 23,İSTANBUL,UTIKAD
Matriks Denizcilik A.Ş.,matrix-trans.com,matrix@matrix-shipping.com,0216 580 83 19,İSTANBUL,UTIKAD
Maurice Ward Lojistik Ltd. Şti.,mauriceward.com,turkiye@mauriceward.com,0212 909 00 27,İSTANBUL,UTIKAD
Mavi Uluslararası Nak. ve Tur. Tic. Ltd. Şti.,mavi-intl.com,mavi@mavi-intl.com,0212 249 37 80,İSTANBUL,UTIKAD
Maxlog Taşımacılık ve Ticaret Ltd. Ştİ.,maxlog.com.tr,info@maxlog.com.tr,0232 966 06 80,İZMİR,UTIKAD
MCL Ulus. Konsolidasyon ve Liman Hiz. A.Ş.,mcl-turkey.com,info@mcl-turkey.com,0216 541 44 22,İSTANBUL,UTIKAD
Medex Lojistik A.Ş.,medex-tr.com,operasyon@medex-tr.com,,İSTANBUL,UTIKAD
Medfor Taşımacılık ve Tic. A.Ş.,meddenshipping.com,info@meddenshipping.com,0232 445 26 00,İZMİR,UTIKAD
Medsea Port Denizcilik A.Ş.,medsea.com.tr,info@medsea.com.tr,0326 502 28 29,HATAY,UTIKAD
Mentfield Lojistik Hizmetleri Tic. Ltd. Şti.,mentfieldlojistik.com.tr,info@mentfieldlojistik.com.tr,0216 577 53 30,İSTANBUL,UTIKAD
Mentor Gümrük Müşavirliği Ltd. Şti.,mentorgumruk.com.tr,mentor@mentorgumruk.com.tr,0212 472 81 61,İSTANBUL,UTIKAD
Mentor Lojistik A.Ş.,mentorlojistik.com.tr,cenk.ergen@mentorlojistik.net,0232 234 66 88,İZMİR,UTIKAD
MER Denizcilik Nakliyat Sanayi ve Tic. Ltd. Şti.,mershipping.com,cenknas@mershipping.com,0216 639 13 00,İSTANBUL,UTIKAD
Mercek Global Lojistik ve Ticaret A.Ş.,mercekglobal.com,izmir@merceklogistics.com,0532 551 26 52,İZMİR,UTIKAD
Merden Lojistik A.Ş.,merden.com.tr,mersin@merden.com.tr,0324 238 60 40,MERSİN,UTIKAD
Merem Lojistik San. ve Tic. Ltd. Şti.,meremlojistik.com,ahmetserhat.sipahi@meremlojistik.com,0324 504 13 00,MERSİN,UTIKAD
Merkont Lojistik A.Ş.,merkont.com.tr,mersin@merkont.com.tr,0324 238 68 38,MERSİN,UTIKAD
Mersin Merport Loj. Hiz. Dep. Taş. Ltd. Şti.,mersinmerport.com,muratbilik@mersinmerport.com,0324 234 24 88,MERSİN,UTIKAD
Mesco Uluslararası Taş. İth. İhr. Tic. A.Ş.,mesco.com.tr,info@mesco.com.tr,0232 441 48 47,İZMİR,UTIKAD
Metronak Tekstil Uluslararası Taşımacılık İnş. Gıda Turizm San. ve Tic. Ltd. Şti.,metronak.com.tr,info@metronak.com.tr,0324 239 25 25,MERSİN,UTIKAD
Mezon Lojistik A.Ş.,mezonlogistics.com,info@mezonlogistics.com,0216 564 33 40,İSTANBUL,UTIKAD
MGL Lojistik Hizmetleri A.Ş.,marshall-log.com,,0216 566 50 00,İSTANBUL,UTIKAD
MH Logistics Turizm Dış Ticaret Ltd. Şti.,mhlogistics.com.tr,info@mhlogistics.com.tr,0312 395 80 44,ANKARA,UTIKAD
Midas Global Lojistik Ltd. Şti.,mgl.cc,info@mgl.cc,0212 438 18 18,İSTANBUL,UTIKAD
Middle Corridor Lojistik A.Ş.,middle-corridor.com,cankat.yildiz@middle-corridor.com,0541 723 78 13,ANKARA,UTIKAD
Militzer Münch Ulus.  Nak. ve Loj. Hiz. Tic. A.Ş.,mumnet.com,turkey.info@mumnet.com,0212 446 22 22,İSTANBUL,UTIKAD
Mir Global Lojistik A.Ş.,mirlog.com.tr,info@mirlog.com.tr,0212 430 80 01,İSTANBUL,UTIKAD
Mission Freight İstanbul Ulus. Nak. Tur. Güm. İç ve Dış Tic. Ltd. Şti.,mission.com.tr,accout@mfi.com.tr,0216 632 66 88,İSTANBUL,UTIKAD
MNG Havayolları ve Taşımacılık A.Ş.,mngairlines.com,info@mngairlines.com,0212 468 05 00,İSTANBUL,UTIKAD
Moda Denizcilik Nak. Dış Tic. Ltd. Şti.,modaship.com,info@modaship.com,0212 274 01 61,İSTANBUL,UTIKAD
MOL Turkey Denizcilik ve Lojistik Tic. A.Ş.,molturkiye.com,info.moltr@molgroup.com,0212 813 12 89,İSTANBUL,UTIKAD
Monart Lojistik A.Ş.,monartlogistics.com,atakan.ornal@monartlogistics.com,0212 285 00 00,İSTANBUL,UTIKAD
Mondiale VGL Uluslararası Taş. Hiz. Tic. A.Ş.,vglworld.com.tr,aakpancar@vglworld.com.tr,0224 322 08 45,BURSA,UTIKAD
MPM Lojistik Hizmetleri Tic. Ltd. Şti.,mpm-worldwide.com,engin.sahin@mpm-worldwide.com,0216 577 53 30,İSTANBUL,UTIKAD
MSE Europe Taş. Org. Loj. Ltd. Şti.,mse-europe.net,murat.ucar@mse-europe.net,0212 916 10 57,İSTANBUL,UTIKAD
MTS Lojistik ve Taşımacılık Hizmetleri Tic. A.Ş.,mts.com.tr,mts@mts.com.tr,0212 216 60 00,İSTANBUL,UTIKAD
Mudi Lojistik ve Dış Ticaret A.Ş.,mudilogistics.com,,0542 132 17 38,İSTANBUL,UTIKAD
Mulier Fortis Lojistik A.Ş.,mulierfortis.com,info@mulierfortis.com,0212 830 88 00,İSTANBUL,UTIKAD
Mundoimex Global Lojistik ve Dış Tic. A.Ş.,mundoimex.com,info@mundoimex.com,0212 852 46 39,İSTANBUL,UTIKAD
MYL Lojistik A.Ş.,myl.com.tr,info@myl.com.tr,0232 464 75 13,İZMİR,UTIKAD
Nares Uluslararası Taşımacılık Tic. A.Ş.,nareslog.com,info@nareslog.com,0232 404 52 52,İZMİR,UTIKAD
Net Logistics Taşımacılık A.Ş.,thenetlogistics.com,info@thenetlogistics.com,0216 574 73 73,İSTANBUL,UTIKAD
Netaş Global Loj. Ulus. Taş. San. ve Tic. Ltd. Şti.,netasglobal.com,info@netasglobal.com,0216 315 99 67,İSTANBUL,UTIKAD
Netaway Global Lojistik Taşımacılık ve Depolama Hizmetleri Dış Tic. A.Ş.,netaway.com.tr,info@netaway.com.tr,0212 422 44 12,İSTANBUL,UTIKAD
Netglobal Ulus. Lojistik Dış Tic. Ltd. Şti.,netgloballojistik.com,info@netgloballojistik.com- sales@netgloballojistik.com,0324 237 15 05,MERSİN,UTIKAD
Netlog Global Forwarding Taşımacılık A.Ş.,netloglogistics.com,info@netloglogistics.com,0212 622 50 00,İSTANBUL,UTIKAD
Network Global Lojistik A.Ş.,networkgloballogistics.com,info@networkgloballogistics.com,0216 455 40 02,İSTANBUL,UTIKAD
NGL Lojistik Ltd. Şti.,northerlogistics.com,muhasebe@northerlogistics.com,0216 576 90 28,İSTANBUL,UTIKAD
Nippon Express İstanbul Global Lojistik A.Ş.,nipponexpress.com,volkan.yildirim@neeur.com,0212 465 69 34,İSTANBUL,UTIKAD
Nira Denizcilik ve Lojistik Ltd. Şti.,nirashipping.com,info@nirashipping.com,0216 574 63 00,İSTANBUL,UTIKAD
Nish Lojistik A.Ş.,nishlogistics.com,info@nishlogistics.com,0212 603 64 74,İSTANBUL,UTIKAD
NMT Lojistik A.Ş.,nmtlojistik.com,info@nmt-tr.com,0212 272 12 19,İSTANBUL,UTIKAD
Noatum Lojistik A.Ş.,noatumlogistics.com,levent@noatumlogistics.com,0216 422 85 85,İSTANBUL,UTIKAD
Nokta Gemi Acenteliği ve Uluslararası Taş. A.Ş.,noktalojistik.com.tr,info@noktalojistik.com,0324 235 35 65,MERSİN,UTIKAD
Nora Global Lojistik A.Ş.,noraglobal.com.tr,info@noraglobal.com.tr,0232 464 56 60,İZMİR,UTIKAD
Nortranss Uluslararası Taş. Bilişim Ltd. Şti.,nortranss.com.tr,serhattangor@nortranss.com.tr,0312 427 78 33 - 0312 427 78 34,ANKARA,UTIKAD
Novel Ulus. Taş. ve Tekstil San. Tic. Ltd. Şti.,noveltrans.com,info@noveltrans.com,0232 463 72 02,İZMİR,UTIKAD
NS Global Lojistik Hiz. Sanayi ve Tic. Ltd. Şti.,nsglog.com,info@nsglog.com,0224 443 04 03,BURSA,UTIKAD
NTG Uluslararası Lojistik Ltd. Şti.,ntgturkey.com,info@ntgturkey.com,0212 867 62 00,İSTANBUL,UTIKAD
Obdan Sistem Antrepoculuk ve Taş. Tic. A.Ş.,obdansistem.com,antrepo@obdansistem.com,0216 451 94 54,İSTANBUL,UTIKAD
ODS Global Lojistik Ticaret A.Ş.,odsglobal.com,info@odsglobal.com,0216 504 24 84,İSTANBUL,UTIKAD
ODY Global Lojistik Tic. A.Ş.,odylogistics.com,info@odylogistics.com,0224 451 49 99,BURSA,UTIKAD
Okuyan Loj. ve Antrepo İşletmeciliği Ltd. Şti.,okuyan.com.tr,,0212 639 30 43,İSTANBUL,UTIKAD
OLS Dış Ticaret A.Ş.,olstrans.com,rifat@olslog.com,0212 803 60 04,İSTANBUL,UTIKAD
Omega Global Ulus. Taş.  Loj. Tic. Ltd. Şti.,omegagloballogistics.com,info@oglturkey.com,0232 421 17 26,İZMİR,UTIKAD
Omega Shıppıng Taşımacılık ve Tic. Ltd. Şti.,omega-shipping.com,info@omega-shipping.com,0216 463 65 00,İSTANBUL,UTIKAD
Omsan Lojistik A.Ş.,omsan.com,omsan@omsan.com,0216 458 55 55,İSTANBUL,UTIKAD
Onboard Taş. ve Loj. İşletmeleri Ltd. Şti.,onboardlogistics.com.tr,metecan.ozdilek@onboardlogistics.com.tr,0542 638 38 42,İSTANBUL,UTIKAD
One Uluslararası Taşımacılık ve Dış Tic. A.Ş.,onelogtr.com,arzu.akagunduz@onelogtr.com,0216 422 11 01,İSTANBUL,UTIKAD
Onel Global Lojistik Dış Ticaret A.Ş.,onelgumruk.com,on-el@onelgumruk.com,0212 444 66 35,İSTANBUL,UTIKAD
OPLOG Operasyonel Lojistik A.Ş.,oplog.io,biz.ops@oplog.io,0312 266 06 69,ANKARA,UTIKAD
Optimum Global Lojistik ve Taşımacılık A.Ş.,optimumglobal.com.tr,ozgur.yilmaz@optimumglobal.com.tr,0532 402 45 58,İZMİR,UTIKAD
Orange World Wide Logistic ve Taşımacılık Organizasyonu Tic. A.Ş.,orangewwlogistic.com,info@orangewwlogistic.com,0216 465 27 30,İSTANBUL,UTIKAD
Oraysan İnşaat Lojistik San. Tic. A.Ş.,oraysan.com.tr,,0212 664 60 00,İSTANBUL,UTIKAD
Oregon Teknoloji Hizmetleri A.Ş.,oregontech.com.tr,info@oregon.com.tr,0216 362 09 89,İSTANBUL,UTIKAD
Orfe Denizcilik Nakliyat Turizm Tarım Ürünleri İthalat İhracat San. ve Tic. Ltd. Şti.,orfe.com.tr,orfe@orfe.com.tr,0324 233 90 08,MERSİN,UTIKAD
ORG Global Lojistik Ltd.Şti.,orggloballojistik.com,baris@orglojistik.com,0212 806 74 24,İSTANBUL,UTIKAD
Orient Ekspres Uluslararası Taşımacılık Turizm ve Ticaret Ltd. Şti.,orientekspres.com,info@orientekspres.com,0216 380 46 59,İSTANBUL,UTIKAD
Orion Cargo Solution Lojistik A.Ş.,krafttrans.com,y.ulufer@krafttrans.com,0532 780 07 97,İSTANBUL,UTIKAD
Orion Uluslararası Lojistik ve Dış Tic. Ltd. Şti.,oriontr.com,muhasebe@oriontr.com,0324 231 51 01,MERSİN,UTIKAD
Orship Uluslararası Taş. Hiz. ve Tic. Ltd. Şti.,orship.com.tr,farukkucukcelebi@orship.com.tr,0216 410 74 35,İSTANBUL,UTIKAD
OSF Uluslararası Lojistik Hiz. Dış Tic. A.Ş.,osfturkey.com,ik@osfturkey.com,0324 237 75 75,MERSİN,UTIKAD
Oto Irmak Motorlu Araçlar Tic. ve San. A.Ş.,irmakgrup.com.tr,ogunci@otoirmak.com.tr,0232 433 97 73,İZMİR,UTIKAD
Öykü Lojistik A.Ş.,oykugrup.com.tr,info@oykulogistics.com,444 69 58,İSTANBUL,UTIKAD
Öz Erkan Lojistik Nakliyat Otomotiv Petrol Gıda Ürünleri Sanayi ve Ticaret Ltd. Şti.,ozerkanlojistik.com,info@ozerkanlojistik.com,0324 239 27 21,MERSİN,UTIKAD
Öznakliyat Kara Taşımacılığı A.Ş.,oznakliyat.com.tr,info@oznakliyat.com.tr,0216 461 25 00,İSTANBUL,UTIKAD
Paket Taşımacılık Sistemleri A.Ş.,pts.net,cs@pts.net,0212 444 07 87,İSTANBUL,UTIKAD
Pan Lojistik Hizmetleri A.Ş.,panlogistics.com.tr,gulriz.kantek@panlogistics.com.tr,0212 579 30 00,İSTANBUL,UTIKAD
Pass Global Ulus. Taş. Dış Tic. Ltd. Şti.,kargopass.com,info@kargopass.com,0850 888 72 77,BURSA,UTIKAD
Pentagram Logistics Dış Ticaret Ltd. Şti.,pentagramlogistics.com,info@pentagramlogistics.com,0216 208 92 24,İSTANBUL,UTIKAD
Pers Lojistik Hiz. İth. İhr. İnş. San. Ltd. Şti.,pers.com.tr,alibal@pers.com.tr,0850 333 73 77,İSTANBUL,UTIKAD
Planet Uluslararası Taş. ve Dış Tic. Ltd. Şti.,planetlogistics.com.tr,info@planetlogistics.com.tr,0212 219 11 81,İSTANBUL,UTIKAD
PLH Lojistik Hizmetleri A.Ş.,plh.com.tr,info@plh.com.tr,0850 393 45 50,İSTANBUL,UTIKAD
Portera Lojistik A.Ş.,porteraglobal.com,info@porteraglobal.com,0212 824 43 72,İSTANBUL,UTIKAD
Posta ve Telgraf Teşkilatı A.Ş.,ptt.gov.tr,lojistikdaire@ptt.gov.tr,0312 509 58 00,ANKARA,UTIKAD
Profreight Taşımacılık Hizmetleri A.Ş.,profreight.com.tr,info@profreight.com.tr,0216 413 33 30,İSTANBUL,UTIKAD
Proje Kargo Yat Taşımacılık A.Ş.,project-yacht.com,info@project-yacht.com,0216 447 44 81,İSTANBUL,UTIKAD
Propa Denizcilik ve Ulus. Taş. Tic. A.Ş.,propatrans.com,propa@propatrans.com,0216 455 43 74,İSTANBUL,UTIKAD
PSA BDP International Lojistik Ltd. Şti.,bdpinternational.com,fikret.ersoy@bdpint.com,0212 346 06 01,İSTANBUL,UTIKAD
PSP Ekspres Taşımacılık Tic. Ltd. Şti.,pspexpress.com,,0850 255 2556,İSTANBUL,UTIKAD
Puma Denizcilik ve Lojistik A.Ş.,pumashipping.com,ftopcuoglu@pumashipping.com,0212 252 80 63,İSTANBUL,UTIKAD
Pyramids Lojistik Hizmetleri A.Ş.,pyramidsfreight.com,turkey@pyramidsfreight.com,0216 468 88 87,İSTANBUL,UTIKAD
QNT Lojistik Tic. Ltd. Şti.,quantumtrans.com,info@quantumtrans.com,0216 639 00 99,İSTANBUL,UTIKAD
QS Mikro Dağıtım A.Ş.,quickshipper.com,,0216 232 28 40,İSTANBUL,UTIKAD
Qualitairsea Lojistik Hizmetleri A.Ş.,qualitairsea.com.tr,info@qualitairsea.com.tr,0212 466 01 01,İSTANBUL,UTIKAD
Rahban Lojistik Nakliyat ve Dış Tic. Ltd. Şti.,rahbanlogistics.com,info@rahbanlogistics.com,0212 570 52 12,İSTANBUL,UTIKAD
Railport Terminal İşletmeleri A.Ş.,railport.com.tr,,0262 305 13 05,KOCAELİ,UTIKAD
Rapid Ulus.Taş. Turizm San. ve Tic. Ltd. Şti.,rapid.com.tr,rapid@rapid.com.tr,0212 252 38 33,İSTANBUL,UTIKAD
Raykam Lojistik Taşıma Madencilik İnşaat Orman Ürünleri San. ve Tic. A.Ş.,raykamlojistik.com.tr,info@raykamlojistik.com.tr,0262 644 46 16,KOCAELİ,UTIKAD
Redlog Taşımacılık Hizmetleri A.Ş.,red-log.com.tr,,0216 232 31 01,İSTANBUL,UTIKAD
Reibel Taşımacılık ve Ticaret A.Ş.,reibel.com.tr,info@reibel.com.tr,0212 426 87 00,İSTANBUL,UTIKAD
Rentrans Ulus. Taş. ve Tic. Ltd. Şti.,rentrans.com,info@rentrans.com,0216 574 63 33,İSTANBUL,UTIKAD
Rhenus Turkey Lojistik Ltd. Şti.,tr.rhenus.com,salesist@tr.rhenus.com,0212 293 26 00,İSTANBUL,UTIKAD
RLS Uluslararası Taşımacılık ve Tic. Ltd. Şti.,rls-logistics.com,operasyon@tr-rls.com,0212 596 26 50,İSTANBUL,UTIKAD
Rola Lojistik ve Uluslararası Taş. Ltd. Şti.,rolalogistics.com,info@rolalogistics.com,0232 390 91 60,İZMİR,UTIKAD
Royal Line Lojistik İç ve Dış Tic. Ltd. Şti.,rll.com.tr,info@rll.com.tr,0324 238 00 05,MERSİN,UTIKAD
Royal Lojistik ve Ulus. Taş. Dış Tic. Ltd. Şti.,royallojistik.com,sales@royallojistik.com,0216 510 49 34,İSTANBUL,UTIKAD
Rtm Lojistik İç ve Dış Ticaret A.Ş.,rtmlojistik.com.tr,info@rtmlojistik.com.tr,0326 502 47 97,HATAY,UTIKAD
RTSB İntermodal Taş. ve Loj. Tic. Ltd. Şti.,rtsb.de,info@rtsb.com.tr,0232 325 00 88,İZMİR,UTIKAD
S Lojistik Hizmetler A.Ş.,slojistik.com.tr,info@slojistik.com.tr,0212 465 46 92,İSTANBUL,UTIKAD
S Sistem Lojistik Hizmetler A.Ş.,ssistem.com,info@ssistem.com.tr,0212 468 25 00,İSTANBUL,UTIKAD
Sabay Lojistik A.Ş.,sabay.com.tr,info@sabay.com.tr,0212 217 36 20,İSTANBUL,UTIKAD
Sahra Havacılık ve Lojistik Hizmetler Ltd. Şti.,sahragroup.com,export@sahragroup.com,444 97 47,İSTANBUL,UTIKAD
Sal Antrepo ve Lojistik A.Ş.,sallojistik.com.tr,info@sallojistik.com.tr,0324 221 44 44,MERSİN,UTIKAD
Samer And Co Shipping Taşımacılık A.Ş.,samer.com,,0216 212 55 21,İSTANBUL,UTIKAD
Samsung SDS Global SCL Nak. ve Loj. A.Ş.,samsungsds.com,sinan.u@samsung.com,0212 437 88 15,İSTANBUL,UTIKAD
Sapphire Global Trading İnşaat Sanayi ve Dış Ticaret Ltd. Şti.,gtsapphire.com.tr,operasyon@gtsapphire.com.tr,0533 598 20 62,MERSİN,UTIKAD
Sarex Uluslararası Loj. ve Dış Tic. Ltd. Şti.,sarexlogistics.com.tr,accounting@sarexlogistics.com,0538 030 54 23,MERSİN,UTIKAD
Savino Del Bene Nakliyat A.Ş.,savinodelbene.com,turgay.cakar@savinodelbene.com,0212-395 14 40,İSTANBUL,UTIKAD
Saygınlar Ulus. Taş. Gıda San. ve Tic. Ltd. Şti.,sayginlarnakliyat.com,info@sayginlarnakliyat.com,0326 225 26 87,HATAY,UTIKAD
Scanwell Lojistik A.Ş.,scanwell.com,istanbul@batigroup.com.tr,0212 293 30 77,İSTANBUL,UTIKAD
Schenker Arkas Nakliyat ve Ticaret A.Ş.,dbschenkerarkas.com.tr,schist@dbschenkerarkas.com.tr,0212 336 00 36,İSTANBUL,UTIKAD
SEA World Denizcilik Ltd. Şti.,seaworldshipping.com,info@seaworldshipping.com,0212 251 18 18,İSTANBUL,UTIKAD
Seamark Uluslararası Taş. ve Tic. A.Ş.,seamark.biz,info@sea-mark.com.tr,0850 223 98 85,İZMİR,UTIKAD
Sega Lojistik ve Taşımacılık Dış Tic. Ltd. Şti.,segalojistik.com,operasyon@segalojistik.com,0212 510 05 55,İSTANBUL,UTIKAD
Select Bilişim Hizmetleri A.Ş.,selectyazilim.com,select@selectyazilim.com,0212 211 32 11,İSTANBUL,UTIKAD
Ser Den Denizcilik Taşımacılık Tic. Ltd. Şti.,ser-den.com,info@ser-den.com,0212 481 68 00,İSTANBUL,UTIKAD
Seray Uluslararası Taşımacılık İnş. Tic. Ltd. Şti.,seraytrans.com,semih@seraytrans.com,0212 451 51 01,İSTANBUL,UTIKAD
Serhatlı İnsan Kaynakları Lojistik Taş. ve Temizlik Hiz. Dış Ticaret Ltd. Şti.,serhatlilojistik.com,info@serhatlilojistik.com,0212 809 03 10,İSTANBUL,UTIKAD
Sertrans Ulus. Nak.Ticaret A.Ş.,sertrans.com.tr,info@sertrans.com.tr,0850 288 81 81 - 444 5 737,İSTANBUL,UTIKAD
Servex Global Lojistik ve Dış Tic. A.Ş.,servex.com.tr,info@servex.com.tr,0212 603 33 32,İSTANBUL,UTIKAD
SGS Transitnet Transit Sistemi Destek Hiz. A.Ş.,sgs.com.tr,transitnet.turkey@sgs.com,0212 368 40 20,İSTANBUL,UTIKAD
SH Lojistik Sanayi ve Ticaret A.Ş.,shlojistik.com,sh@shlojistik.com,0324 237 69 90,MERSİN,UTIKAD
Shipco Transport Uluslararası Nak. Ltd. Şti.,shipco.com,istsup@shipco.com,0212 252 80 20,İSTANBUL,UTIKAD
ShipLounge Loj. ve Yazılım Sis. San. Tic. Şti.,shiplounge.co,info@shiplounge.co,0850 308 10 38,ANKARA,UTIKAD
Sibel Uluslararası Taş. ve Dış Tic. Ltd. Şti.,sibel.com.tr,sibel@sibel.com.tr,0216 574 12 12,İSTANBUL,UTIKAD
Sigma Denizcilik Kon. ve Loj. San. Tic. Ltd. Şti.,sigmacontainer.com,design@sigmamodules.com,0212 852 00 30,İSTANBUL,UTIKAD
Silk Road Lojistik ve Dış Ticaret Ltd. Şti.,silkroadlojistik.com,info@silkroadlojistik.com,0216 456 52 72,İSTANBUL,UTIKAD
Sin Global Forwardıng Nak. San. ve Tic. Ltd. Şti.,singlobal.com.tr,info@singlobal.com.tr,0212 875 45 00,İSTANBUL,UTIKAD
Sina İthalat İhracat ve Ulus. Nak. Tic. Ltd. Şti.,sinaco.com.tr,transport@sinaco.com.tr,0216 385 38 22-23,İSTANBUL,UTIKAD
Sincer Lojistik A.Ş.,sincerlojistik.com.tr,info@sincerlojistik.com,0324 233 26 07,MERSİN,UTIKAD
Sinotrans Makzume Lojistik Ltd. Şti.,sinotrans.com,info@sinotrans-makzume.com,0850 288 45 90,İSTANBUL,UTIKAD
Sintek İnşaat Endüstriyel Tesisler A.Ş.,sinteklogistics.com,o.bute@sinteklogistics.com,0212 356 20 71,ANKARA,UTIKAD
Sittnak Lojistik A.Ş.,sittnak.com.tr,,0212 778 11 11,İSTANBUL,UTIKAD
SKY Logistics Hava Kara Deniz Taşımacılığı ve Dış Ticaret Ltd. Şti.,skylogistics.com.tr,cargo@skylogistics.com.tr,0530 233 20 03,İSTANBUL,UTIKAD
Skymar Lojistik Ltd. Şti.,skymar.com.tr,,0216 912 22 55,İSTANBUL,UTIKAD
SLF Lojistik Uluslararası Nakliyat Turizm İnşaat ve Ticaret Ltd. Şti.,slflogistic.com,selin@slflogistic.com,0216 784 64 62,İSTANBUL,UTIKAD
SNS Ekspres Lojistik Sanayi ve Ticaret Ltd. Şti.,snsexpressglobal.com,info@snsexpressglobal.com,0539 571 33 83,İSTANBUL,UTIKAD
SNS Uluslararası Nakliyat ve Dış Tic. Ltd. Şti.,sns-international.com,info@sns-international.com,0212 269 28 70,İSTANBUL,UTIKAD
SOFT İş Çözümleri A.Ş.,soft.com.tr,soft@soft.com.tr,0212 212 79 20,İSTANBUL,UTIKAD
Solibra Lojistik Hizmetleri A.Ş.,solibra.com.tr,solibra@solibra.com.tr,0216 416 30 62,İSTANBUL,UTIKAD
Solmaz Gümrük Müşavirliği A.Ş.,solmaz.com,info@solmaz.com,0212 334 02 34,İSTANBUL,UTIKAD
Soyer Nakliyat ve Ambalaj San. ve Tic. A.Ş.,soyer.com.tr,soyer@soyer.com.tr,0216 411 27 21,İSTANBUL,UTIKAD
Speedline Uluslararası Nak. ve Tic. Ltd. Şti.,speedlinetr.com,info@speedlinetr.com,0216 939 97 73,İSTANBUL,UTIKAD
ST Uluslararası Deniz Taşımacılığı Nakliyat Lojistik Hizmetleri ve Dış Tic. A.Ş.,stlojistik.com.tr,info@stlojistik.com.tr,0216 450 58 38,İSTANBUL,UTIKAD
Star Aır Sea Lojistik Hizmetleri Ltd. Şti.,starairsea.com,,,İSTANBUL,UTIKAD
Statü Gemi Kiralama ve Tic. Ltd. Şti.,statushipping.com,statu@statushipping.com,0216 531 23 00,İSTANBUL,UTIKAD
Stein Freight Lojistik A.Ş.,steinfreight.com,finance@steinfreight.com,0212 801 46 81,İSTANBUL,UTIKAD
Stoneway Ulus. Taş. İth. İhr. ve Tic. Ltd. Şti.,stoneway.com.tr,info@stoneway.com.tr,0242 244 79 29,ANTALYA,UTIKAD
Sud Marin Taşımacılık A.Ş.,sudmarin.com,koray.denizci@sudmarin.com,0212 890 08 82,İSTANBUL,UTIKAD
Supply Lojistik A.Ş.,supply-logistics.com,info@supply-logistics.com,0216 759 21 81,İSTANBUL,UTIKAD
Susa Shipping Services Dış Ticaret Ltd. Şti.,susashipping.com.tr,meral.horoz@susashipping.com.tr,0212 999 03 98,İSTANBUL,UTIKAD
Suvari Gemi Kiralama  ve Acenteliği Makina Turizm İnşaat Sanayi Tic. A.Ş.,suvarishipping.com,chartering@suvarishipping.com,0216 496 22 22,İSTANBUL,UTIKAD
Sürat Operasyonel Lojistik A.Ş.,suratlogistics.com,tarkan.turkel@suratlojistik.com,0216 557 09 11,İSTANBUL,UTIKAD
SVN Uluslararası Taş. İthalat İhracat  Ltd. Şti.,svn.com.tr,mehmet.sevenoglu@svn.com.tr,0324 504 25 33,MERSİN,UTIKAD
Synctrans Uluslararası Taşımacılık Ltd. Şti.,synctransintl.com,ozgun@synctransintl.com,0553 787 70 00,İSTANBUL,UTIKAD
Şehzade Lojistik Uluslararası Taşımacılık ve İthalat İhracat Ltd. Şti.,sehzadelojistik.com,sehzade@sehzadelojistik.com,0326 503 24 24,HATAY,UTIKAD
T.G.L. TetGlobal Lojistik Nak. San. ve Tic. A.Ş.,tetglobal.com,info@tetglobal.com,0216 327 93 30,İSTANBUL,UTIKAD
Talay Lojistik A.Ş.,talay.com,info@talay.com,0212 495 17 00,İSTANBUL,UTIKAD
Talos Denizcilik ve Uluslararası Taş. A.Ş.,talos.com.tr,talos@talos.com.tr,0216 449 34 05,İSTANBUL,UTIKAD
Tan Global Lojistik Danışmanlık ve Eğitim Hizmetleri Ticaret Ltd. Şti.,tanlogistics.com.tr,info@tanlogistics.com.tr,0212 854 01 55,İSTANBUL,UTIKAD
Tan-Air Uluslararası Taşımacılık Ltd. Şti.,tanair.com.tr,info@tanair.com.tr,0212 288 00 90,İSTANBUL,UTIKAD
Tandem Lojistik Servisler Taş. ve Tic. Ltd. Şti.,tandemlojistik.com.tr,info@tandemlojistik.com.tr,0212 695 74 34,İSTANBUL,UTIKAD
TAR-SHA Uluslararası Lojistik Hiz. Tic. Ltd. Şti.,tar-sha.com,info@tar-sha.com,0312 354 59 01,ANKARA,UTIKAD
TBH Lojistik Hiz. Ltd. Şti.,tbhlog.com,batu.erkan@tbhlog.com,0216 228 42 47,İSTANBUL,UTIKAD
TCT Lojistik A.Ş.,tcttr.com,info@tcttr.com,444 98 28,İSTANBUL,UTIKAD
Tek San Lojis. Tic. Danış. İth. ve İhr. Ltd. Şti.,teksanlojistik.com.tr,operasyon3@teksanlojistik.com.tr,0212 452 96 64,İSTANBUL,UTIKAD
Terra Transport Ulus. Taşıma İşleri Organizatörlüğü ve Tic. Ltd. Şti.,terra-spedition.com,info@terra-spedition.com,0216 391 24 07,İSTANBUL,UTIKAD
Thor Uluslararası Denizcilik Kumanyacılık Liman Hizmetleri Pazarlama A.Ş.,thormarinesa.com.tr,thor@thormarinesa.com.tr,0212 438 00 39,İSTANBUL,UTIKAD
Tırsan Uluslararası Taş. ve Dış Tic. Ltd. Şti.,tirsanlogistics.com,zeliha@tirsanlogistics.com,0530 959 87 87,İSTANBUL,UTIKAD
Tiba Turkey Taşımacılık A.Ş.,tibagroup.com,kkaya@tibagroup.com,0537 950 85 80,İSTANBUL,UTIKAD
Tim Global Lojistik A.Ş.,timglobal.com.tr,info@timglobal.com.tr,0850 255 08 08,İSTANBUL,UTIKAD
TİO Lojistik Taşımacılık Depolama Danışmanlık Kimya Satış Pazarlama San. ve Tic. Ltd. Şti.,tiolojistik.com.tr,info@tiolojistik.com.tr,0216 688 08 46 - 0216 688 48 46,İSTANBUL,UTIKAD
TİT Ulus. Nak. Deri Teks. Gıda San. ve Tic. Ltd. Şti.,tittransport.com,tit@tittransport.com,0216 455 47 63,İSTANBUL,UTIKAD
TLS Lojistik A.Ş.,tlslojistik.com,,444 94 11,İSTANBUL,UTIKAD
TMA Transcontinental Uluslararası Nakliyat Ticaret ve Gümrükleme A.Ş.,tmatrans.com,a.akova@tmatrans.com,0212 244 54 28 - 0212 245 43 14,İSTANBUL,UTIKAD
TMGD TR Mühendislik Ltd. Şti.,tmgdmuhendislik.com,info@tmgdmuhendislik.com,0212 674 17 87,İSTANBUL,UTIKAD
Tolkun Lojistik Ltd. Şti.,tolkun.org,erkut@tolkun.org,0216 348 73 48,İSTANBUL,UTIKAD
Trade Factory Global Lojistik Dış Tic. Ltd. Şti.,global-tradefactory.com,,0216 266 76 60,İSTANBUL,UTIKAD
Trans Global Proje Lojistik Ltd. Şti.,tglobal.com,,0212 274 71 61,İSTANBUL,UTIKAD
Transalkım Uluslararası Nak. ve Tic. Ltd. Şti.,transalkim.com.tr,muhasebe@transalkim.com.tr,0212 774 22 70,İSTANBUL,UTIKAD
Transhat Uluslararası Taşımacılık Tic. Ltd. Şti.,transhat.com,info@transhat.com,0212 426 41 35,İSTANBUL,UTIKAD
Transmap Lojistik A.Ş.,trans-map.com,huseyin.ozkan@trans-map.com,0216 415 34 14,İSTANBUL,UTIKAD
Transmec Uluslararası Taşımacılık Tic. Ltd. Şti.,transmecgroup.it,transmec@transmecgroup.it,0212 251 53 54,İSTANBUL,UTIKAD
Transorient Global Lojistik A.Ş.,transorient.com.tr,info@transorient.com.tr,0212 467 26 00,İSTANBUL,UTIKAD
Trasant Uluslararası Nakliyat ve Dış Tic. Ltd. Şti.,trasant.com,trasant@trasant.com.tr,0212 854 35 00,İSTANBUL,UTIKAD
Trendyol Lojistik A.Ş.,trendyol.com,,0212 331 0200,İSTANBUL,UTIKAD
Tria Lojistik Hizmetler Ticaret A.Ş.,trialogistics.com,tria@tlh.com.tr,0324 328 20 50,MERSİN,UTIKAD
Troya İç ve Dış Ticaret Dan. Paz. ve Taş. Ltd. Şti.,troyatrade.com.tr,tukenmez@troyatrade.com.tr,0312 479 10 94,ANKARA,UTIKAD
Trukker Teknoloji Ltd. Şti.,trukker.com,,0216 440 40 81,İSTANBUL,UTIKAD
TTR Lojistik Hizmetleri Ticaret A.Ş.,ttrlog.com,,0212 653 34 45,İSTANBUL,UTIKAD
Tuaz Nak. Aracılık Hiz. İnş. San. ve Tic. Ltd. Şti.,tuaz.com.tr,muhasebe@tuaz.com.tr,0541 334 54 52,TEKİRDAĞ,UTIKAD
Tunaset Biofarma Lojistik Hizmetleri A.Ş.,biotunaset.com,operations@biotunaset.com,0212 428 52 35,İSTANBUL,UTIKAD
Turing Global Lojistik ve Bilişim Hizmetleri A.Ş.,turinglog.com,info@turinglog.com,0850 255 20 41,İZMİR,UTIKAD
Turklog Uluslararası Taş. ve Loj. A.Ş.,turklog.com.tr,info@turklog.com.tr,0216 755 44 55,İSTANBUL,UTIKAD
Turkon Lojistik A.Ş.,turkon.com,info@turkon.com,0216 544 18 00,İSTANBUL,UTIKAD
Turkroro Denizcilik ve Taşımacılık A.Ş.,turkroro.com.tr,info@turkroro.com.tr,0212 807 27 71,İSTANBUL,UTIKAD
Turnak Gümrük Müşavirliği Ltd. Şti.,turnakgumruk.com.tr,ETA@turnakgumruk.com.tr,0212 413 77 00,İSTANBUL,UTIKAD
Tüfekçi Fuarcılık Organizasyon Uluslararası Nakliyat Gıda Dış Tic. San. ve Tic. Ltd. Şti.,tufekcitrans.com,g.tufekci@tufekcitrans.com,0216 577 20 67,İSTANBUL,UTIKAD
Türk Hava Yolları A.O.,thy.com.tr,baharc@thy.com,0212 463 63 63,İSTANBUL,UTIKAD
Türkmen Grup Lojistik Hizmetleri A.Ş.,turkmenlogistics.com,info@turkmenlogistics.com,0212 315 47 00,İSTANBUL,UTIKAD
UKGS Ulus. Kargo Gönderim Serv. ve Tic. A.Ş.,ukgs.net,info@ukgs.com.tr,0850 300 85 47,İSTANBUL,UTIKAD
Ultima Uluslararası Taş. Loj. ve Dış Tic. Ltd. Şti.,ultimalogistics.com,info@ultimalogistics.com,0216 688 26 00,İSTANBUL,UTIKAD
Ulukom Bilg. Yazılım Donanım Danış. ve Tic. A.Ş.,ulukom.com.tr,erkin@ulukom.com.tr,0216 680 35 35,İSTANBUL,UTIKAD
Ulusal Lojistik Antrepo Hiz. Dış Tic. A.Ş.,ulusalantrepo.com.tr,info@ulusalantrepo.com.tr,0216 622 53 83,İSTANBUL,UTIKAD
Ulustrans Lojistik A.Ş.,ulustrans.com.tr,finans@ulustrans.com.tr,0212 411 45 45,İSTANBUL,UTIKAD
UMT Uluslararası Taşımacılık A.Ş.,umtlogistic.com,info@umtlogistic.com,0212 665 30 38 - 0544 972 20 80,İSTANBUL,UTIKAD
Unico Global Uluslararası  Taş. Ltd. Şti.,unicologx.com,turkey@unicologx.com,0212 871 25 26,İSTANBUL,UTIKAD
Universal Denizcilik Proje Taş. ve Tic. A.Ş,universalproject.com.tr,project@universalproject.com.tr,0216 680 09 91,İSTANBUL,UTIKAD
UPS SCS Uluslararası Nakliyat Ltd. Şti.,ups.com,bburgazlioglu@ups.com,0212 413 22 22 - 0212 413 24 43,İSTANBUL,UTIKAD
UTG Uluslararası Nakliyat Ltd. Şti.,utg.com.tr,utg@utg.com.tr,0212 211 22 33,İSTANBUL,UTIKAD
Uzman Yük Sabitleme ve Lojistik Hiz. Ltd. Şti.,uzmangloballogistics.com.tr,project@uzmangloballogistics.com.tr,0850 220 21 91,MERSİN,UTIKAD
Ülgen Denizcilik ve Lojistik San. Tic. A.Ş.,ulgen.com,logistics@ulgen.com,0216 478 48 49,İSTANBUL,UTIKAD
V Mar Organizasyon Nakliyat ve Tic. Ltd. Şti.,v-mar.org,info@v-mar.org,0212 243 80 80,İSTANBUL,UTIKAD
Van Trans Taşımacılık İç ve Dış Tic. Ltd. Şti.,vantrans.com.tr,vantrans@vantrans.com.tr,0432 215 66 39,VAN,UTIKAD
Vanguard Turkey Lojistik Hizmetler A.Ş.,vls-global.com,finance.tr@vanguardlogistics.com,0216 410 85 55,İSTANBUL,UTIKAD
Vavien Lojistik A.Ş.,vavien.com,sales@vavienlogistics.com,0224 909 11 19,BURSA,UTIKAD
Vazin Lojistik Dış Ticaret A.Ş.,vazinlojistik.com,info@vazinlojistik.com,0216 573 69 98,İSTANBUL,UTIKAD
Vegamar Denizcilik ve Taşımacılık Tic. A.Ş.,vegamar.com,info@vegamar.com,0212 249 93 77,İSTANBUL,UTIKAD
Velox Line Den. Loj. Tic. Ltd. Şti.,velocline.com,info@veloxline.com,0536 970 08 82,MERSİN,UTIKAD
Vera Lojistik A.Ş.,veralog.com,info@veralog.com,0212 211 50 10,İSTANBUL,UTIKAD
Verimex Transit Lojistik A.Ş.,verimextransit.com,info@verimextransit.com,0212 803 06 06,İSTANBUL,UTIKAD
Veritas Ticaret Lojistik A.Ş.,veritasas.com,veritas@veritasas.com,444 14 79,İSTANBUL,UTIKAD
Veysel Oğulları Loj. Nak. Kiralama Turizm Hayvancılık Gıda İth. İhr. ve Tic. Ltd. Şti.,veyselogullari.com.tr,veysel@veyselogullari.com.tr,0312 812 29 49,ANKARA,UTIKAD
Viking Kargo Ltd. Şti.,vikingcargo.com.tr,info@vikingcargo.com.tr,0212 334 27 70,İSTANBUL,UTIKAD
VİP Uluslararası Taşımacılık ve Dış Ticaret A.Ş.,viptransport.com.tr,info@viptransport.com.tr,0212 771 62 00,İSTANBUL,UTIKAD
VTK Lojistik Dış Ticaret ve Turizm A.Ş.,vtk.com.tr,volkan.tek@vtk.com.tr,0533 922 31 40,İSTANBUL,UTIKAD
Waylog Ulus. Taş. Hiz. Ltd. Şti.,waylog.com.tr,operation@waylog.com.tr,0850 441 09 56,MERSİN,UTIKAD
Weld Uluslararası Taşımacılık Hizmetleri A.Ş.,weld-int.com,,0212 697 00 77,İSTANBUL,UTIKAD
Well Enerji Uluslararası Nakliyat ve Loj. A.Ş.,well.uk.com,serap@well.com.tr,0216 580 85 40,İSTANBUL,UTIKAD
Wing Loj. Ulus. Taş. ve Otom. Sist. Tic. Ltd. Şti.,winglojistik.com.tr,okan.acar@winglojistik.com.tr,0530 039 77 88,İZMİR,UTIKAD
Wiz Lojistik Ticaret Ltd. Şti.,wizlog.com.tr,muhasebe@wizlog.com.tr,0850 216 34 27,İSTANBUL,UTIKAD
WİZGROUP Kurumsal Tedarik ve Lojistik A.Ş.,wizgroup.com.tr,info@wizlog.com.tr,0342 215 01 90,GAZİANTEP,UTIKAD
Wonderland Lojistik Servisler Taş. Tic. Ltd. Şti.,wonderlandlojistik.com,info@wonderlandlojistik.com,0212 302 01 07,İSTANBUL,UTIKAD
World Courier Taşımacılık ve Lojistik Hizmetleri Tic. Ltd. Şti.,worldcourier.com,cselcuk@worldcourier.com.tr,0212 541 10 55,İSTANBUL,UTIKAD
WWL Turkey Lojistik A.Ş.,worldwidelogisticsltd.com,,0212 954 00 99,İSTANBUL,UTIKAD
Yakup Lojistik Hizmetleri İnşaat Nakliyat Gıda Sanayi ve Ticaret Ltd. Şti.,yakuplojistik.com,info@yakuplojistik.com,0326 221 37 77,HATAY,UTIKAD
Yedaiah Int. Group Loj.Dış Tic. İth. İhr. Ltd. Şti.,yedaiah.com,info@yedaiah.com,0850 390 27 28,AYDIN,UTIKAD
Yeditepe Taşımacılık A.Ş.,yeditepecargo.com,info@yeditepecargo.com,0232 463 03 52,İZMİR,UTIKAD
Yekaş & Fides Global Lojistik A.Ş.,yekas.com.tr,m.guler@yekas.com,0212 910 00 00,İSTANBUL,UTIKAD
Yeniay Lojistik A.Ş.,yeniaylojistik.com.tr,info@yeniaylojistik.com.tr,0212 452 40 01,İSTANBUL,UTIKAD
Yeskon Konteyner Taşımacılık Hizmetleri Denizcilik ve Dış Tic. A.Ş.,yeskon.com.tr,info@yeskon.com.tr,0232 465 11 25,İZMİR,UTIKAD
YGL Lojistik Ticaret A.Ş.,ygllogistics.com,info@ygllogistics.com,0224 242 15 11,BURSA,UTIKAD
Yılnak Proje ve Ağır Taşıma Servisi A.Ş.,yilnak.com.tr,yilnak@yilnak.com.tr,444 4 956,ANKARA,UTIKAD
Yrt Global Lojistik ve Dış Ticaret A.Ş.,yrtglobal.com,muhasebe@yurtintermodal.com,0850 888 5 324,MERSİN,UTIKAD
YSL Uluslararası Nak. Dış Tic. A.Ş.,yslogistic.com,info@yslogistic.com,0216 369 76 20,İSTANBUL,UTIKAD
Yukcon Log. Den. ve Taş. Hiz. San. ve Tic. Ltd. Şti.,yukconlogistics.com,info@yukconlogistics.com,0232 311 29 11,İZMİR,UTIKAD
Yusen İnci Lojistik ve Ticaret A.Ş.,yusen-logistics.com,info@tr.yusen-logistics.com,0212 259 37 77,İSTANBUL,UTIKAD
Yüce Transport Uluslararası Taşımacılık A.Ş.,yucetrans.com,yuce@yucetrans.com,0212 347 47 56,İSTANBUL,UTIKAD
Zafer Tank Taşıma Uluslararası Nakliyat Turizm ve Tic. Ltd. Şti.,zafertanktasima.com,info@zafertanktasima.com,0216 575 03 17 - 0262 751 44 43,İSTANBUL,UTIKAD
Zen Ulaştırma ve Loj. Hiz. San. Tic. Ltd. Şti.,zenulastirma.com,info@zenulastirma.com,0342 606 02 22,GAZİANTEP,UTIKAD
ZLS Danışmanlık Dış Ticaret Ltd. Şti.,zls-logistik.de,,0534 719 53 53,İSTANBUL,UTIKAD
27 ŞAHİN LOJİSTİK SAN.VE TİC.LTD.ŞTİ.,sahinlojistik27.com,,+903429097404,Gaziantep,UND
2K HEDEF ULUSLARARASI NAKLİYAT VE PAZ. TİC. LTD. ŞTİ.,2khedef.com,,02165104660,İstanbul,UND
7KITA LOJİSTİK OTOMOTİV NAKLİYAT İNŞ.TAR.HAY.İTH.İHR.SAN.VE TİC.LTD.ŞTİ.,,,,Mardin,UND
ABA PROJECT ULUS. TAŞ. VE DIŞ TİC. LTD. ŞTİ.,abaproject.com.tr,,02325024400,İzmir,UND
ABA TRANS TAŞIMACILIK İTH. İHR. SAN.VE TİC. LTD. ŞTİ.,abatranstasimacilik.com,,+905325951335,Gaziantep,UND
ABA TUR ULUS. LOJİSTİK SAN. VE TİC. LTD. ŞTİ.,,,+905322155111,Gaziantep,UND
ABANT GLOBAL LOJİSTİK TİC. SAN. LTD. ŞTİ.,abantglobal.com,,+903742227575,Bolu,UND
ABANT NAKLİYAT TİC.VE SAN.A.Ş.,abantnakliyat.com,,03742152181,Bolu,UND
ABC ULUS. TRANSPORT TİC. VE SAN. A.Ş.,abclojistik.com,,+903523114040,Kayseri,UND
ABS İNTERNATİONAL REMOVALS TRANSPORT KARGO TİC.LTD.ŞTİ.,abstransport.com.tr,,+908502152727,Gaziantep,UND
ACAPET TAŞ.AKAR.TİC.LTD.ŞTİ.,acapet.com,,+03123977839,Ankara,UND
ACAR GLOBAL LOJİSTİK VE DIŞ TİC. LTD. ŞTİ.,acrlojistik.com.tr,,+905303916353,İstanbul,UND
AÇAR LOJİSTİK TAŞ.EMLAKÇILIK OTOMOTİV TEL.MAR.İTH.İHR.TİC.LTD.ŞTİ.,acarlogs.com,,+903262142079,Hatay,UND
AÇARLAR ULUSLARARASI TAŞ. İÇ VE DIŞ TİC.LTD.ŞTİ.,acarlartransport.com,,+902127360315,İstanbul,UND
ACETOĞLU PET.ÜRÜN.OTOM.NAK.İNŞ.GIDA.LTD.ŞTİ.,acetoglu.com,,+905324024074,Mersin,UND
